Gastag;Stand;VHP_IND;VHP_PLUS;VHP_MINUS;REVK_MIN;REEK_MAX;TRANS_EK;TRANS_VK;AE_NEG;AE_POS
19.10.2015;18.10.2015 23:38;1,8313;1,8679;1,7947;0;0;0;0;1,7947;1,8679
18.10.2015;18.10.2015 23:38;1,8156;1,8519;1,7793;1,6575;0;0;0;1,6575;1,8519
17.10.2015;18.10.2015 23:37;1,818;1,8544;1,7816;1,6175;0;0;0;1,6175;1,8544
19.10.2015;18.10.2015 23:06;1,8313;1,8679;1,7947;0;0;0;0;1,7947;1,8679
18.10.2015;18.10.2015 23:05;1,8156;1,8519;1,7793;1,6575;0;0;0;1,6575;1,8519
19.10.2015;18.10.2015 23:05;1,8313;1,8679;1,7947;0;0;0;0;1,7947;1,8679
17.10.2015;18.10.2015 23:05;1,818;1,8544;1,7816;1,6175;0;0;0;1,6175;1,8544
19.10.2015;18.10.2015 22:36;1,8313;1,8679;1,7947;0;0;0;0;1,7947;1,8679
18.10.2015;18.10.2015 22:36;1,8155;1,8518;1,7792;1,6575;0;0;0;1,6575;1,8518
19.10.2015;18.10.2015 22:35;1,8313;1,8679;1,7947;0;0;0;0;1,7947;1,8679
17.10.2015;18.10.2015 22:35;1,818;1,8544;1,7816;1,6175;0;0;0;1,6175;1,8544
19.10.2015;18.10.2015 22:06;1,8313;1,8679;1,7947;0;0;0;0;1,7947;1,8679
17.10.2015;18.10.2015 22:05;1,818;1,8544;1,7816;1,6175;0;0;0;1,6175;1,8544
19.10.2015;18.10.2015 22:05;1,8313;1,8679;1,7947;0;0;0;0;1,7947;1,8679
18.10.2015;18.10.2015 22:05;1,8155;1,8518;1,7792;1,6575;0;0;0;1,6575;1,8518
18.10.2015;18.10.2015 21:36;1,8155;1,8518;1,7792;1,6575;0;0;0;1,6575;1,8518
19.10.2015;18.10.2015 21:36;1,8313;1,8679;1,7947;0;0;0;0;1,7947;1,8679
17.10.2015;18.10.2015 21:35;1,818;1,8544;1,7816;1,6175;0;0;0;1,6175;1,8544
19.10.2015;18.10.2015 21:35;1,8313;1,8679;1,7947;0;0;0;0;1,7947;1,8679
17.10.2015;18.10.2015 21:06;1,818;1,8544;1,7816;1,6175;0;0;0;1,6175;1,8544
19.10.2015;18.10.2015 21:06;1,8328;1,8695;1,7961;0;0;0;0;1,7961;1,8695
19.10.2015;18.10.2015 21:05;1,8328;1,8695;1,7961;0;0;0;0;1,7961;1,8695
18.10.2015;18.10.2015 21:05;1,8156;1,8519;1,7793;1,6575;0;0;0;1,6575;1,8519
18.10.2015;18.10.2015 20:36;1,8156;1,8519;1,7793;1,6575;0;0;0;1,6575;1,8519
19.10.2015;18.10.2015 20:36;1,8328;1,8695;1,7961;0;0;0;0;1,7961;1,8695
19.10.2015;18.10.2015 20:35;1,8328;1,8695;1,7961;0;0;0;0;1,7961;1,8695
17.10.2015;18.10.2015 20:35;1,818;1,8544;1,7816;1,6175;0;0;0;1,6175;1,8544
19.10.2015;18.10.2015 20:06;1,8328;1,8695;1,7961;0;0;0;0;1,7961;1,8695
18.10.2015;18.10.2015 20:06;1,8156;1,8519;1,7793;1,6575;0;0;0;1,6575;1,8519
17.10.2015;18.10.2015 20:05;1,818;1,8544;1,7816;1,6175;0;0;0;1,6175;1,8544
19.10.2015;18.10.2015 20:05;1,8328;1,8695;1,7961;0;0;0;0;1,7961;1,8695
19.10.2015;18.10.2015 19:36;1,8328;1,8695;1,7961;0;0;0;0;1,7961;1,8695
17.10.2015;18.10.2015 19:35;1,818;1,8544;1,7816;1,6175;0;0;0;1,6175;1,8544
19.10.2015;18.10.2015 19:35;1,8328;1,8695;1,7961;0;0;0;0;1,7961;1,8695
18.10.2015;18.10.2015 19:35;1,8157;1,852;1,7794;1,6575;0;0;0;1,6575;1,852
19.10.2015;18.10.2015 19:06;1,8328;1,8695;1,7961;0;0;0;0;1,7961;1,8695
17.10.2015;18.10.2015 19:05;1,818;1,8544;1,7816;1,6175;0;0;0;1,6175;1,8544
19.10.2015;18.10.2015 19:05;1,8328;1,8695;1,7961;0;0;0;0;1,7961;1,8695
18.10.2015;18.10.2015 19:05;1,8158;1,8521;1,7795;1,6575;0;0;0;1,6575;1,8521
18.10.2015;18.10.2015 18:36;1,8158;1,8521;1,7795;1,6575;0;0;0;1,6575;1,8521
19.10.2015;18.10.2015 18:36;1,8328;1,8695;1,7961;0;0;0;0;1,7961;1,8695
17.10.2015;18.10.2015 18:35;1,818;1,8544;1,7816;1,6175;0;0;0;1,6175;1,8544
19.10.2015;18.10.2015 18:35;1,8328;1,8695;1,7961;0;0;0;0;1,7961;1,8695
17.10.2015;18.10.2015 18:07;1,818;1,8544;1,7816;1,6175;0;0;0;1,6175;1,8544
19.10.2015;18.10.2015 18:07;1,8332;1,8699;1,7965;0;0;0;0;1,7965;1,8699
18.10.2015;18.10.2015 18:05;1,8158;1,8521;1,7795;1,6575;0;0;0;1,6575;1,8521
19.10.2015;18.10.2015 18:05;1,8332;1,8699;1,7965;0;0;0;0;1,7965;1,8699
19.10.2015;18.10.2015 17:36;1,8337;1,8704;1,797;0;0;0;0;1,797;1,8704
17.10.2015;18.10.2015 17:35;1,818;1,8544;1,7816;1,6175;0;0;0;1,6175;1,8544
19.10.2015;18.10.2015 17:35;1,8337;1,8704;1,797;0;0;0;0;1,797;1,8704
18.10.2015;18.10.2015 17:35;1,8158;1,8521;1,7795;1,6575;0;0;0;1,6575;1,8521
19.10.2015;18.10.2015 17:06;1,8337;1,8704;1,797;0;0;0;0;1,797;1,8704
18.10.2015;18.10.2015 17:05;1,8158;1,8521;1,7795;1,6575;0;0;0;1,6575;1,8521
19.10.2015;18.10.2015 17:05;1,8337;1,8704;1,797;0;0;0;0;1,797;1,8704
17.10.2015;18.10.2015 17:05;1,818;1,8544;1,7816;1,6175;0;0;0;1,6175;1,8544
19.10.2015;18.10.2015 16:36;1,8337;1,8704;1,797;0;0;0;0;1,797;1,8704
18.10.2015;18.10.2015 16:36;1,8158;1,8521;1,7795;1,6575;0;0;0;1,6575;1,8521
19.10.2015;18.10.2015 16:35;1,8337;1,8704;1,797;0;0;0;0;1,797;1,8704
17.10.2015;18.10.2015 16:35;1,818;1,8544;1,7816;1,6175;0;0;0;1,6175;1,8544
18.10.2015;18.10.2015 16:26;1,8236;1,8601;1,7871;1,6575;0;0;0;1,6575;1,8601
18.10.2015;18.10.2015 16:06;1,8236;1,8601;1,7871;1,715;0;0;0;1,715;1,8601
19.10.2015;18.10.2015 16:06;1,8334;1,8701;1,7967;0;0;0;0;1,7967;1,8701
17.10.2015;18.10.2015 16:05;1,818;1,8544;1,7816;1,6175;0;0;0;1,6175;1,8544
19.10.2015;18.10.2015 16:05;1,8334;1,8701;1,7967;0;0;0;0;1,7967;1,8701
19.10.2015;18.10.2015 15:36;1,8327;1,8694;1,796;0;0;0;0;1,796;1,8694
18.10.2015;18.10.2015 15:35;1,8236;1,8601;1,7871;1,715;0;0;0;1,715;1,8601
19.10.2015;18.10.2015 15:35;1,8327;1,8694;1,796;0;0;0;0;1,796;1,8694
17.10.2015;18.10.2015 15:35;1,818;1,8544;1,7816;1,6175;0;0;0;1,6175;1,8544
19.10.2015;18.10.2015 15:06;1,8324;1,869;1,7958;0;0;0;0;1,7958;1,869
17.10.2015;18.10.2015 15:05;1,818;1,8544;1,7816;1,6175;0;0;0;1,6175;1,8544
19.10.2015;18.10.2015 15:05;1,8324;1,869;1,7958;0;0;0;0;1,7958;1,869
18.10.2015;18.10.2015 15:05;1,8236;1,8601;1,7871;1,715;0;0;0;1,715;1,8601
19.10.2015;18.10.2015 14:36;1,832;1,8686;1,7954;0;0;0;0;1,7954;1,8686
18.10.2015;18.10.2015 14:35;1,8236;1,8601;1,7871;1,715;0;0;0;1,715;1,8601
19.10.2015;18.10.2015 14:35;1,832;1,8686;1,7954;0;0;0;0;1,7954;1,8686
17.10.2015;18.10.2015 14:35;1,818;1,8544;1,7816;1,6175;0;0;0;1,6175;1,8544
17.10.2015;18.10.2015 14:06;1,818;1,8544;1,7816;1,6175;0;0;0;1,6175;1,8544
19.10.2015;18.10.2015 14:06;1,8318;1,8684;1,7952;0;0;0;0;1,7952;1,8684
19.10.2015;18.10.2015 14:05;1,8318;1,8684;1,7952;0;0;0;0;1,7952;1,8684
18.10.2015;18.10.2015 14:05;1,8236;1,8601;1,7871;1,715;0;0;0;1,715;1,8601
19.10.2015;18.10.2015 13:36;1,8318;1,8684;1,7952;0;0;0;0;1,7952;1,8684
17.10.2015;18.10.2015 13:35;1,818;1,8544;1,7816;1,6175;0;0;0;1,6175;1,8544
19.10.2015;18.10.2015 13:35;1,8318;1,8684;1,7952;0;0;0;0;1,7952;1,8684
18.10.2015;18.10.2015 13:35;1,8236;1,8601;1,7871;1,715;0;0;0;1,715;1,8601
19.10.2015;18.10.2015 13:06;1,8318;1,8684;1,7952;0;0;0;0;1,7952;1,8684
18.10.2015;18.10.2015 13:05;1,8236;1,8601;1,7871;1,715;0;0;0;1,715;1,8601
17.10.2015;18.10.2015 13:05;1,818;1,8544;1,7816;1,6175;0;0;0;1,6175;1,8544
19.10.2015;18.10.2015 13:05;1,8318;1,8684;1,7952;0;0;0;0;1,7952;1,8684
19.10.2015;18.10.2015 12:36;1,8318;1,8684;1,7952;0;0;0;0;1,7952;1,8684
18.10.2015;18.10.2015 12:35;1,8236;1,8601;1,7871;1,715;0;0;0;1,715;1,8601
19.10.2015;18.10.2015 12:35;1,8318;1,8684;1,7952;0;0;0;0;1,7952;1,8684
17.10.2015;18.10.2015 12:35;1,818;1,8544;1,7816;1,6175;0;0;0;1,6175;1,8544
18.10.2015;18.10.2015 12:06;1,8236;1,8601;1,7871;1,715;0;0;0;1,715;1,8601
19.10.2015;18.10.2015 12:06;1,8318;1,8684;1,7952;0;0;0;0;1,7952;1,8684
17.10.2015;18.10.2015 12:05;1,818;1,8544;1,7816;1,6175;0;0;0;1,6175;1,8544
19.10.2015;18.10.2015 12:05;1,8318;1,8684;1,7952;0;0;0;0;1,7952;1,8684
19.10.2015;18.10.2015 11:36;1,8318;1,8684;1,7952;0;0;0;0;1,7952;1,8684
19.10.2015;18.10.2015 11:35;1,8318;1,8684;1,7952;0;0;0;0;1,7952;1,8684
17.10.2015;18.10.2015 11:35;1,818;1,8544;1,7816;1,6175;0;0;0;1,6175;1,8544
18.10.2015;18.10.2015 11:35;1,8236;1,8601;1,7871;1,715;0;0;0;1,715;1,8601
19.10.2015;18.10.2015 11:06;1,8318;1,8684;1,7952;0;0;0;0;1,7952;1,8684
17.10.2015;18.10.2015 11:05;1,818;1,8544;1,7816;1,6175;0;0;0;1,6175;1,8544
19.10.2015;18.10.2015 11:05;1,8318;1,8684;1,7952;0;0;0;0;1,7952;1,8684
18.10.2015;18.10.2015 11:05;1,8236;1,8601;1,7871;1,715;0;0;0;1,715;1,8601
17.10.2015;18.10.2015 10:36;1,818;1,8544;1,7816;1,6175;0;0;0;1,6175;1,8544
19.10.2015;18.10.2015 10:36;1,8318;1,8684;1,7952;0;0;0;0;1,7952;1,8684
18.10.2015;18.10.2015 10:35;1,8236;1,8601;1,7871;1,715;0;0;0;1,715;1,8601
19.10.2015;18.10.2015 10:35;1,8318;1,8684;1,7952;0;0;0;0;1,7952;1,8684
19.10.2015;18.10.2015 10:07;1,8318;1,8684;1,7952;0;0;0;0;1,7952;1,8684
18.10.2015;18.10.2015 10:06;1,8236;1,8601;1,7871;1,715;0;0;0;1,715;1,8601
19.10.2015;18.10.2015 10:06;1,8318;1,8684;1,7952;0;0;0;0;1,7952;1,8684
17.10.2015;18.10.2015 10:06;1,818;1,8544;1,7816;1,6175;0;0;0;1,6175;1,8544
18.10.2015;18.10.2015 09:36;1,8236;1,8601;1,7871;1,715;0;0;0;1,715;1,8601
19.10.2015;18.10.2015 09:36;1,8318;1,8684;1,7952;0;0;0;0;1,7952;1,8684
19.10.2015;18.10.2015 09:35;1,8318;1,8684;1,7952;0;0;0;0;1,7952;1,8684
17.10.2015;18.10.2015 09:35;1,818;1,8544;1,7816;1,6175;0;0;0;1,6175;1,8544
19.10.2015;18.10.2015 09:07;1,8318;1,8684;1,7952;0;0;0;0;1,7952;1,8684
18.10.2015;18.10.2015 09:06;1,8247;1,8612;1,7882;1,715;0;0;0;1,715;1,8612
19.10.2015;18.10.2015 09:06;1,8318;1,8684;1,7952;0;0;0;0;1,7952;1,8684
17.10.2015;18.10.2015 09:05;1,818;1,8544;1,7816;1,6175;0;0;0;1,6175;1,8544
19.10.2015;18.10.2015 09:05;1,8318;1,8684;1,7952;0;0;0;0;1,7952;1,8684
19.10.2015;18.10.2015 08:36;1,8318;1,8684;1,7952;0;0;0;0;1,7952;1,8684
18.10.2015;18.10.2015 08:36;1,8266;1,8631;1,7901;1,715;0;0;0;1,715;1,8631
19.10.2015;18.10.2015 08:35;1,8318;1,8684;1,7952;0;0;0;0;1,7952;1,8684
17.10.2015;18.10.2015 08:35;1,818;1,8544;1,7816;1,6175;0;0;0;1,6175;1,8544
19.10.2015;18.10.2015 08:06;1,8318;1,8684;1,7952;0;0;0;0;1,7952;1,8684
18.10.2015;18.10.2015 08:05;1,8266;1,8631;1,7901;1,715;0;0;0;1,715;1,8631
19.10.2015;18.10.2015 08:05;1,8318;1,8684;1,7952;0;0;0;0;1,7952;1,8684
17.10.2015;18.10.2015 08:05;1,818;1,8544;1,7816;1,6175;0;0;0;1,6175;1,8544
19.10.2015;18.10.2015 07:36;1,8318;1,8684;1,7952;0;0;0;0;1,7952;1,8684
19.10.2015;18.10.2015 07:35;1,8318;1,8684;1,7952;0;0;0;0;1,7952;1,8684
18.10.2015;18.10.2015 07:35;1,8269;1,8634;1,7904;1,715;0;0;0;1,715;1,8634
17.10.2015;18.10.2015 07:35;1,818;1,8544;1,7816;1,6175;0;0;0;1,6175;1,8544
17.10.2015;18.10.2015 07:06;1,818;1,8544;1,7816;1,6175;0;0;0;1,6175;1,8544
19.10.2015;18.10.2015 07:06;1,8318;1,8684;1,7952;0;0;0;0;1,7952;1,8684
19.10.2015;18.10.2015 07:05;1,8318;1,8684;1,7952;0;0;0;0;1,7952;1,8684
18.10.2015;18.10.2015 07:05;1,8269;1,8634;1,7904;1,715;0;0;0;1,715;1,8634
19.10.2015;18.10.2015 06:36;1,8318;1,8684;1,7952;0;0;0;0;1,7952;1,8684
17.10.2015;18.10.2015 06:35;1,818;1,8544;1,7816;1,6175;0;0;0;1,6175;1,8544
19.10.2015;18.10.2015 06:35;1,8318;1,8684;1,7952;0;0;0;0;1,7952;1,8684
18.10.2015;18.10.2015 06:35;1,8269;1,8634;1,7904;1,715;0;0;0;1,715;1,8634
19.10.2015;18.10.2015 06:06;1,8318;1,8684;1,7952;0;0;0;0;1,7952;1,8684
18.10.2015;18.10.2015 06:05;1,8269;1,8634;1,7904;1,715;0;0;0;1,715;1,8634
19.10.2015;18.10.2015 06:05;1,8318;1,8684;1,7952;0;0;0;0;1,7952;1,8684
17.10.2015;18.10.2015 06:05;1,818;1,8544;1,7816;1,6175;0;0;0;1,6175;1,8544
19.10.2015;18.10.2015 06:00;1,8318;1,8684;1,7952;0;0;0;0;1,7952;1,8684
19.10.2015;18.10.2015 05:36;1,8318;1,8684;1,7952;0;0;0;0;1,7952;1,8684
19.10.2015;18.10.2015 05:35;1,8318;1,8684;1,7952;0;0;0;0;1,7952;1,8684
17.10.2015;18.10.2015 05:35;1,818;1,8544;1,7816;1,6175;0;0;0;1,6175;1,8544
18.10.2015;18.10.2015 05:35;1,8269;1,8634;1,7904;1,715;0;0;0;1,715;1,8634
19.10.2015;18.10.2015 05:06;1,8318;1,8684;1,7952;0;0;0;0;1,7952;1,8684
18.10.2015;18.10.2015 05:05;1,8269;1,8634;1,7904;1,715;0;0;0;1,715;1,8634
19.10.2015;18.10.2015 05:05;1,8318;1,8684;1,7952;0;0;0;0;1,7952;1,8684
17.10.2015;18.10.2015 05:05;1,818;1,8544;1,7816;1,6175;0;0;0;1,6175;1,8544
19.10.2015;18.10.2015 04:36;1,8318;1,8684;1,7952;0;0;0;0;1,7952;1,8684
17.10.2015;18.10.2015 04:35;1,818;1,8544;1,7816;1,6175;0;0;0;1,6175;1,8544
19.10.2015;18.10.2015 04:35;1,8318;1,8684;1,7952;0;0;0;0;1,7952;1,8684
18.10.2015;18.10.2015 04:35;1,8269;1,8634;1,7904;1,715;0;0;0;1,715;1,8634
19.10.2015;18.10.2015 04:06;1,8333;1,87;1,7966;0;0;0;0;1,7966;1,87
18.10.2015;18.10.2015 04:05;1,8269;1,8634;1,7904;1,715;0;0;0;1,715;1,8634
19.10.2015;18.10.2015 04:05;1,8511;1,8881;1,8141;0;0;0;0;1,8141;1,8881
17.10.2015;18.10.2015 04:05;1,818;1,8544;1,7816;1,6175;0;0;0;1,6175;1,8544
19.10.2015;18.10.2015 03:36;1,8511;1,8881;1,8141;0;0;0;0;1,8141;1,8881
18.10.2015;18.10.2015 03:35;1,8269;1,8634;1,7904;1,715;0;0;0;1,715;1,8634
19.10.2015;18.10.2015 03:35;1,8511;1,8881;1,8141;0;0;0;0;1,8141;1,8881
17.10.2015;18.10.2015 03:35;1,818;1,8544;1,7816;1,6175;0;0;0;1,6175;1,8544
18.10.2015;18.10.2015 03:06;1,8269;1,8634;1,7904;1,715;0;0;0;1,715;1,8634
19.10.2015;18.10.2015 03:06;1,8511;1,8881;1,8141;0;0;0;0;1,8141;1,8881
17.10.2015;18.10.2015 03:05;1,818;1,8544;1,7816;1,6175;0;0;0;1,6175;1,8544
19.10.2015;18.10.2015 03:05;1,8511;1,8881;1,8141;0;0;0;0;1,8141;1,8881
18.10.2015;18.10.2015 02:41;1,8357;1,8724;1,799;1,715;0;0;0;1,715;1,8724
19.10.2015;18.10.2015 02:36;1,8511;1,8881;1,8141;0;0;0;0;1,8141;1,8881
18.10.2015;18.10.2015 02:35;1,8357;1,8724;1,799;0;0;0;0;1,799;1,8724
19.10.2015;18.10.2015 02:35;1,8511;1,8881;1,8141;0;0;0;0;1,8141;1,8881
17.10.2015;18.10.2015 02:35;1,818;1,8544;1,7816;1,6175;0;0;0;1,6175;1,8544
19.10.2015;18.10.2015 02:06;1,8511;1,8881;1,8141;0;0;0;0;1,8141;1,8881
17.10.2015;18.10.2015 02:05;1,818;1,8544;1,7816;1,6175;0;0;0;1,6175;1,8544
19.10.2015;18.10.2015 02:05;1,8511;1,8881;1,8141;0;0;0;0;1,8141;1,8881
18.10.2015;18.10.2015 02:05;1,838;1,8748;1,8012;0;0;0;0;1,8012;1,8748
18.10.2015;18.10.2015 01:36;1,838;1,8748;1,8012;0;0;0;0;1,8012;1,8748
19.10.2015;18.10.2015 01:36;1,8511;1,8881;1,8141;0;0;0;0;1,8141;1,8881
17.10.2015;18.10.2015 01:35;1,818;1,8544;1,7816;1,6175;0;0;0;1,6175;1,8544
19.10.2015;18.10.2015 01:35;1,8511;1,8881;1,8141;0;0;0;0;1,8141;1,8881
19.10.2015;18.10.2015 01:06;1,8522;1,8892;1,8152;0;0;0;0;1,8152;1,8892
17.10.2015;18.10.2015 01:05;1,818;1,8544;1,7816;1,6175;0;0;0;1,6175;1,8544
19.10.2015;18.10.2015 01:05;1,8522;1,8892;1,8152;0;0;0;0;1,8152;1,8892
18.10.2015;18.10.2015 01:05;1,838;1,8748;1,8012;0;0;0;0;1,8012;1,8748
18.10.2015;18.10.2015 00:36;1,838;1,8748;1,8012;0;0;0;0;1,8012;1,8748
19.10.2015;18.10.2015 00:36;1,8522;1,8892;1,8152;0;0;0;0;1,8152;1,8892
19.10.2015;18.10.2015 00:35;1,8522;1,8892;1,8152;0;0;0;0;1,8152;1,8892
17.10.2015;18.10.2015 00:35;1,818;1,8544;1,7816;1,6175;0;0;0;1,6175;1,8544
17.10.2015;18.10.2015 00:07;1,818;1,8544;1,7816;1,6175;0;0;0;1,6175;1,8544
19.10.2015;18.10.2015 00:07;1,8522;1,8892;1,8152;0;0;0;0;1,8152;1,8892
19.10.2015;18.10.2015 00:06;1,838;1,8748;1,8012;0;0;0;0;1,8012;1,8748
18.10.2015;18.10.2015 00:06;1,838;1,8748;1,8012;0;0;0;0;1,8012;1,8748
16.10.2015;17.10.2015 23:36;1,8616;1,8988;1,8244;0;0;0;0;1,8244;1,8988
18.10.2015;17.10.2015 23:36;1,838;1,8748;1,8012;0;0;0;0;1,8012;1,8748
17.10.2015;17.10.2015 23:35;1,818;1,8544;1,7816;1,6175;0;0;0;1,6175;1,8544
18.10.2015;17.10.2015 23:35;1,838;1,8748;1,8012;0;0;0;0;1,8012;1,8748
18.10.2015;17.10.2015 23:06;1,838;1,8748;1,8012;0;0;0;0;1,8012;1,8748
16.10.2015;17.10.2015 23:05;1,8616;1,8988;1,8244;0;0;0;0;1,8244;1,8988
18.10.2015;17.10.2015 23:05;1,838;1,8748;1,8012;0;0;0;0;1,8012;1,8748
17.10.2015;17.10.2015 23:05;1,818;1,8544;1,7816;1,6175;0;0;0;1,6175;1,8544
17.10.2015;17.10.2015 22:36;1,818;1,8544;1,7816;1,6175;0;0;0;1,6175;1,8544
18.10.2015;17.10.2015 22:36;1,838;1,8748;1,8012;0;0;0;0;1,8012;1,8748
18.10.2015;17.10.2015 22:35;1,838;1,8748;1,8012;0;0;0;0;1,8012;1,8748
16.10.2015;17.10.2015 22:35;1,8616;1,8988;1,8244;0;0;0;0;1,8244;1,8988
16.10.2015;17.10.2015 22:06;1,8616;1,8988;1,8244;0;0;0;0;1,8244;1,8988
18.10.2015;17.10.2015 22:06;1,838;1,8748;1,8012;0;0;0;0;1,8012;1,8748
18.10.2015;17.10.2015 22:05;1,838;1,8748;1,8012;0;0;0;0;1,8012;1,8748
17.10.2015;17.10.2015 22:05;1,8192;1,8556;1,7828;1,6175;0;0;0;1,6175;1,8556
17.10.2015;17.10.2015 21:36;1,8192;1,8556;1,7828;1,6175;0;0;0;1,6175;1,8556
18.10.2015;17.10.2015 21:36;1,838;1,8748;1,8012;0;0;0;0;1,8012;1,8748
18.10.2015;17.10.2015 21:35;1,838;1,8748;1,8012;0;0;0;0;1,8012;1,8748
16.10.2015;17.10.2015 21:35;1,8616;1,8988;1,8244;0;0;0;0;1,8244;1,8988
18.10.2015;17.10.2015 21:06;1,838;1,8748;1,8012;0;0;0;0;1,8012;1,8748
16.10.2015;17.10.2015 21:05;1,8616;1,8988;1,8244;0;0;0;0;1,8244;1,8988
18.10.2015;17.10.2015 21:05;1,838;1,8748;1,8012;0;0;0;0;1,8012;1,8748
17.10.2015;17.10.2015 21:05;1,8192;1,8556;1,7828;1,6175;0;0;0;1,6175;1,8556
16.10.2015;17.10.2015 20:36;1,8616;1,8988;1,8244;0;0;0;0;1,8244;1,8988
18.10.2015;17.10.2015 20:36;1,838;1,8748;1,8012;0;0;0;0;1,8012;1,8748
17.10.2015;17.10.2015 20:35;1,8192;1,8556;1,7828;1,6175;0;0;0;1,6175;1,8556
18.10.2015;17.10.2015 20:35;1,838;1,8748;1,8012;0;0;0;0;1,8012;1,8748
18.10.2015;17.10.2015 20:06;1,838;1,8748;1,8012;0;0;0;0;1,8012;1,8748
16.10.2015;17.10.2015 20:05;1,8616;1,8988;1,8244;0;0;0;0;1,8244;1,8988
18.10.2015;17.10.2015 20:05;1,838;1,8748;1,8012;0;0;0;0;1,8012;1,8748
17.10.2015;17.10.2015 20:05;1,8192;1,8556;1,7828;1,6175;0;0;0;1,6175;1,8556
18.10.2015;17.10.2015 19:36;1,838;1,8748;1,8012;0;0;0;0;1,8012;1,8748
17.10.2015;17.10.2015 19:36;1,8234;1,8599;1,7869;1,6175;0;0;0;1,6175;1,8599
16.10.2015;17.10.2015 19:35;1,8616;1,8988;1,8244;0;0;0;0;1,8244;1,8988
18.10.2015;17.10.2015 19:35;1,838;1,8748;1,8012;0;0;0;0;1,8012;1,8748
18.10.2015;17.10.2015 19:06;1,838;1,8748;1,8012;0;0;0;0;1,8012;1,8748
17.10.2015;17.10.2015 19:05;1,8263;1,8628;1,7898;1,6175;0;0;0;1,6175;1,8628
18.10.2015;17.10.2015 19:05;1,838;1,8748;1,8012;0;0;0;0;1,8012;1,8748
16.10.2015;17.10.2015 19:05;1,8616;1,8988;1,8244;0;0;0;0;1,8244;1,8988
16.10.2015;17.10.2015 18:36;1,8616;1,8988;1,8244;0;0;0;0;1,8244;1,8988
18.10.2015;17.10.2015 18:36;1,838;1,8748;1,8012;0;0;0;0;1,8012;1,8748
17.10.2015;17.10.2015 18:35;1,8277;1,8643;1,7911;1,6175;0;0;0;1,6175;1,8643
18.10.2015;17.10.2015 18:35;1,838;1,8748;1,8012;0;0;0;0;1,8012;1,8748
17.10.2015;17.10.2015 18:30;1,8358;1,8725;1,7991;1,6175;0;0;0;1,6175;1,8725
18.10.2015;17.10.2015 18:06;1,838;1,8748;1,8012;0;0;0;0;1,8012;1,8748
16.10.2015;17.10.2015 18:05;1,8616;1,8988;1,8244;0;0;0;0;1,8244;1,8988
18.10.2015;17.10.2015 18:05;1,838;1,8748;1,8012;0;0;0;0;1,8012;1,8748
17.10.2015;17.10.2015 18:05;1,8358;1,8725;1,7991;0;0;0;0;1,7991;1,8725
18.10.2015;17.10.2015 17:36;1,838;1,8748;1,8012;0;0;0;0;1,8012;1,8748
18.10.2015;17.10.2015 17:35;1,838;1,8748;1,8012;0;0;0;0;1,8012;1,8748
17.10.2015;17.10.2015 17:35;1,8358;1,8725;1,7991;0;0;0;0;1,7991;1,8725
16.10.2015;17.10.2015 17:35;1,8616;1,8988;1,8244;0;0;0;0;1,8244;1,8988
18.10.2015;17.10.2015 17:06;1,838;1,8748;1,8012;0;0;0;0;1,8012;1,8748
18.10.2015;17.10.2015 17:05;1,838;1,8748;1,8012;0;0;0;0;1,8012;1,8748
17.10.2015;17.10.2015 17:05;1,8358;1,8725;1,7991;0;0;0;0;1,7991;1,8725
16.10.2015;17.10.2015 17:05;1,8616;1,8988;1,8244;0;0;0;0;1,8244;1,8988
18.10.2015;17.10.2015 16:36;1,8377;1,8745;1,8009;0;0;0;0;1,8009;1,8745
16.10.2015;17.10.2015 16:35;1,8616;1,8988;1,8244;0;0;0;0;1,8244;1,8988
18.10.2015;17.10.2015 16:35;1,8377;1,8745;1,8009;0;0;0;0;1,8009;1,8745
17.10.2015;17.10.2015 16:35;1,8358;1,8725;1,7991;0;0;0;0;1,7991;1,8725
17.10.2015;17.10.2015 16:06;1,8366;1,8733;1,7999;0;0;0;0;1,7999;1,8733
18.10.2015;17.10.2015 16:06;1,8375;1,8743;1,8008;0;0;0;0;1,8008;1,8743
18.10.2015;17.10.2015 16:05;1,8375;1,8743;1,8008;0;0;0;0;1,8008;1,8743
16.10.2015;17.10.2015 16:05;1,8616;1,8988;1,8244;0;0;0;0;1,8244;1,8988
16.10.2015;17.10.2015 15:36;1,8616;1,8988;1,8244;0;0;0;0;1,8244;1,8988
18.10.2015;17.10.2015 15:36;1,8375;1,8743;1,8008;0;0;0;0;1,8008;1,8743
18.10.2015;17.10.2015 15:35;1,8375;1,8743;1,8008;0;0;0;0;1,8008;1,8743
17.10.2015;17.10.2015 15:35;1,8376;1,8744;1,8008;0;0;0;0;1,8008;1,8744
16.10.2015;17.10.2015 15:06;1,8616;1,8988;1,8244;0;0;0;0;1,8244;1,8988
18.10.2015;17.10.2015 15:06;1,8372;1,8739;1,8005;0;0;0;0;1,8005;1,8739
17.10.2015;17.10.2015 15:05;1,8376;1,8744;1,8008;0;0;0;0;1,8008;1,8744
18.10.2015;17.10.2015 15:05;1,8372;1,8739;1,8005;0;0;0;0;1,8005;1,8739
18.10.2015;17.10.2015 14:36;1,8369;1,8736;1,8002;0;0;0;0;1,8002;1,8736
16.10.2015;17.10.2015 14:35;1,8616;1,8988;1,8244;0;0;0;0;1,8244;1,8988
18.10.2015;17.10.2015 14:35;1,8369;1,8736;1,8002;0;0;0;0;1,8002;1,8736
17.10.2015;17.10.2015 14:35;1,8376;1,8744;1,8008;0;0;0;0;1,8008;1,8744
17.10.2015;17.10.2015 14:06;1,8376;1,8744;1,8008;0;0;0;0;1,8008;1,8744
18.10.2015;17.10.2015 14:06;1,8369;1,8736;1,8002;0;0;0;0;1,8002;1,8736
18.10.2015;17.10.2015 14:05;1,8369;1,8736;1,8002;0;0;0;0;1,8002;1,8736
16.10.2015;17.10.2015 14:05;1,8616;1,8988;1,8244;0;0;0;0;1,8244;1,8988
18.10.2015;17.10.2015 13:36;1,8369;1,8736;1,8002;0;0;0;0;1,8002;1,8736
18.10.2015;17.10.2015 13:35;1,8369;1,8736;1,8002;0;0;0;0;1,8002;1,8736
17.10.2015;17.10.2015 13:35;1,8376;1,8744;1,8008;0;0;0;0;1,8008;1,8744
16.10.2015;17.10.2015 13:35;1,8616;1,8988;1,8244;0;0;0;0;1,8244;1,8988
18.10.2015;17.10.2015 13:06;1,8369;1,8736;1,8002;0;0;0;0;1,8002;1,8736
16.10.2015;17.10.2015 13:05;1,8616;1,8988;1,8244;0;0;0;0;1,8244;1,8988
18.10.2015;17.10.2015 13:05;1,8369;1,8736;1,8002;0;0;0;0;1,8002;1,8736
17.10.2015;17.10.2015 13:05;1,8376;1,8744;1,8008;0;0;0;0;1,8008;1,8744
18.10.2015;17.10.2015 12:36;1,8369;1,8736;1,8002;0;0;0;0;1,8002;1,8736
16.10.2015;17.10.2015 12:35;1,8616;1,8988;1,8244;0;0;0;0;1,8244;1,8988
18.10.2015;17.10.2015 12:35;1,8369;1,8736;1,8002;0;0;0;0;1,8002;1,8736
17.10.2015;17.10.2015 12:35;1,8376;1,8744;1,8008;0;0;0;0;1,8008;1,8744
18.10.2015;17.10.2015 12:06;1,8369;1,8736;1,8002;0;0;0;0;1,8002;1,8736
18.10.2015;17.10.2015 12:05;1,8369;1,8736;1,8002;0;0;0;0;1,8002;1,8736
17.10.2015;17.10.2015 12:05;1,8377;1,8745;1,8009;0;0;0;0;1,8009;1,8745
16.10.2015;17.10.2015 12:05;1,8616;1,8988;1,8244;0;0;0;0;1,8244;1,8988
16.10.2015;17.10.2015 11:38;1,8616;1,8988;1,8244;0;0;0;0;1,8244;1,8988
18.10.2015;17.10.2015 11:38;1,8369;1,8736;1,8002;0;0;0;0;1,8002;1,8736
18.10.2015;17.10.2015 11:35;1,8369;1,8736;1,8002;0;0;0;0;1,8002;1,8736
17.10.2015;17.10.2015 11:35;1,8382;1,875;1,8014;0;0;0;0;1,8014;1,875
18.10.2015;17.10.2015 11:06;1,8369;1,8736;1,8002;0;0;0;0;1,8002;1,8736
16.10.2015;17.10.2015 11:05;1,8616;1,8988;1,8244;0;0;0;0;1,8244;1,8988
18.10.2015;17.10.2015 11:05;1,8369;1,8736;1,8002;0;0;0;0;1,8002;1,8736
17.10.2015;17.10.2015 11:05;1,8382;1,875;1,8014;0;0;0;0;1,8014;1,875
18.10.2015;17.10.2015 10:36;1,8369;1,8736;1,8002;0;0;0;0;1,8002;1,8736
16.10.2015;17.10.2015 10:35;1,8616;1,8988;1,8244;0;0;0;0;1,8244;1,8988
18.10.2015;17.10.2015 10:35;1,8369;1,8736;1,8002;0;0;0;0;1,8002;1,8736
17.10.2015;17.10.2015 10:35;1,8382;1,875;1,8014;0;0;0;0;1,8014;1,875
17.10.2015;17.10.2015 10:09;1,8382;1,875;1,8014;0;0;0;0;1,8014;1,875
18.10.2015;17.10.2015 10:09;1,8369;1,8736;1,8002;0;0;0;0;1,8002;1,8736
18.10.2015;17.10.2015 10:06;1,8369;1,8736;1,8002;0;0;0;0;1,8002;1,8736
18.10.2015;17.10.2015 10:05;1,8369;1,8736;1,8002;0;0;0;0;1,8002;1,8736
16.10.2015;17.10.2015 10:05;1,8616;1,8988;1,8244;0;0;0;0;1,8244;1,8988
17.10.2015;17.10.2015 09:36;1,8382;1,875;1,8014;0;0;0;0;1,8014;1,875
18.10.2015;17.10.2015 09:36;1,8369;1,8736;1,8002;0;0;0;0;1,8002;1,8736
18.10.2015;17.10.2015 09:35;1,8369;1,8736;1,8002;0;0;0;0;1,8002;1,8736
16.10.2015;17.10.2015 09:35;1,8616;1,8988;1,8244;0;0;0;0;1,8244;1,8988
18.10.2015;17.10.2015 09:06;1,8369;1,8736;1,8002;0;0;0;0;1,8002;1,8736
16.10.2015;17.10.2015 09:05;1,8616;1,8988;1,8244;0;0;0;0;1,8244;1,8988
17.10.2015;17.10.2015 09:05;1,8382;1,875;1,8014;0;0;0;0;1,8014;1,875
18.10.2015;17.10.2015 09:05;1,8369;1,8736;1,8002;0;0;0;0;1,8002;1,8736
18.10.2015;17.10.2015 08:36;1,8369;1,8736;1,8002;0;0;0;0;1,8002;1,8736
17.10.2015;17.10.2015 08:35;1,8382;1,875;1,8014;0;0;0;0;1,8014;1,875
18.10.2015;17.10.2015 08:35;1,8369;1,8736;1,8002;0;0;0;0;1,8002;1,8736
16.10.2015;17.10.2015 08:35;1,8616;1,8988;1,8244;0;0;0;0;1,8244;1,8988
18.10.2015;17.10.2015 08:06;1,8369;1,8736;1,8002;0;0;0;0;1,8002;1,8736
16.10.2015;17.10.2015 08:05;1,8616;1,8988;1,8244;0;0;0;0;1,8244;1,8988
18.10.2015;17.10.2015 08:05;1,8369;1,8736;1,8002;0;0;0;0;1,8002;1,8736
17.10.2015;17.10.2015 08:05;1,8382;1,875;1,8014;0;0;0;0;1,8014;1,875
18.10.2015;17.10.2015 07:36;1,8369;1,8736;1,8002;0;0;0;0;1,8002;1,8736
17.10.2015;17.10.2015 07:35;1,8382;1,875;1,8014;0;0;0;0;1,8014;1,875
18.10.2015;17.10.2015 07:35;1,8369;1,8736;1,8002;0;0;0;0;1,8002;1,8736
16.10.2015;17.10.2015 07:35;1,8616;1,8988;1,8244;0;0;0;0;1,8244;1,8988
17.10.2015;17.10.2015 07:06;1,8382;1,875;1,8014;0;0;0;0;1,8014;1,875
18.10.2015;17.10.2015 07:06;1,8369;1,8736;1,8002;0;0;0;0;1,8002;1,8736
18.10.2015;17.10.2015 07:05;1,8369;1,8736;1,8002;0;0;0;0;1,8002;1,8736
16.10.2015;17.10.2015 07:05;1,8616;1,8988;1,8244;0;0;0;0;1,8244;1,8988
18.10.2015;17.10.2015 06:36;1,8369;1,8736;1,8002;0;0;0;0;1,8002;1,8736
16.10.2015;17.10.2015 06:35;1,8616;1,8988;1,8244;0;0;0;0;1,8244;1,8988
18.10.2015;17.10.2015 06:35;1,8369;1,8736;1,8002;0;0;0;0;1,8002;1,8736
17.10.2015;17.10.2015 06:35;1,8382;1,875;1,8014;0;0;0;0;1,8014;1,875
16.10.2015;17.10.2015 06:06;1,8616;1,8988;1,8244;0;0;0;0;1,8244;1,8988
18.10.2015;17.10.2015 06:06;1,8369;1,8736;1,8002;0;0;0;0;1,8002;1,8736
17.10.2015;17.10.2015 06:05;1,8382;1,875;1,8014;0;0;0;0;1,8014;1,875
18.10.2015;17.10.2015 06:05;1,8369;1,8736;1,8002;0;0;0;0;1,8002;1,8736
18.10.2015;17.10.2015 06:00;1,8369;1,8736;1,8002;0;0;0;0;1,8002;1,8736
18.10.2015;17.10.2015 05:36;1,8369;1,8736;1,8002;0;0;0;0;1,8002;1,8736
16.10.2015;17.10.2015 05:35;1,8616;1,8988;1,8244;0;0;0;0;1,8244;1,8988
18.10.2015;17.10.2015 05:35;1,8369;1,8736;1,8002;0;0;0;0;1,8002;1,8736
17.10.2015;17.10.2015 05:35;1,8382;1,875;1,8014;0;0;0;0;1,8014;1,875
16.10.2015;17.10.2015 05:06;1,8616;1,8988;1,8244;0;0;0;0;1,8244;1,8988
18.10.2015;17.10.2015 05:06;1,8369;1,8736;1,8002;0;0;0;0;1,8002;1,8736
17.10.2015;17.10.2015 05:05;1,8382;1,875;1,8014;0;0;0;0;1,8014;1,875
18.10.2015;17.10.2015 05:05;1,8369;1,8736;1,8002;0;0;0;0;1,8002;1,8736
18.10.2015;17.10.2015 04:36;1,8369;1,8736;1,8002;0;0;0;0;1,8002;1,8736
17.10.2015;17.10.2015 04:35;1,8382;1,875;1,8014;0;0;0;0;1,8014;1,875
18.10.2015;17.10.2015 04:35;1,8369;1,8736;1,8002;0;0;0;0;1,8002;1,8736
16.10.2015;17.10.2015 04:35;1,8616;1,8988;1,8244;0;0;0;0;1,8244;1,8988
16.10.2015;17.10.2015 04:06;1,8616;1,8988;1,8244;0;0;0;0;1,8244;1,8988
18.10.2015;17.10.2015 04:06;1,8369;1,8736;1,8002;0;0;0;0;1,8002;1,8736
18.10.2015;17.10.2015 04:05;1,8369;1,8736;1,8002;0;0;0;0;1,8002;1,8736
17.10.2015;17.10.2015 04:05;1,8382;1,875;1,8014;0;0;0;0;1,8014;1,875
17.10.2015;17.10.2015 03:36;1,8382;1,875;1,8014;0;0;0;0;1,8014;1,875
18.10.2015;17.10.2015 03:36;1,8369;1,8736;1,8002;0;0;0;0;1,8002;1,8736
16.10.2015;17.10.2015 03:35;1,8616;1,8988;1,8244;0;0;0;0;1,8244;1,8988
18.10.2015;17.10.2015 03:35;1,8369;1,8736;1,8002;0;0;0;0;1,8002;1,8736
16.10.2015;17.10.2015 03:06;1,8616;1,8988;1,8244;0;0;0;0;1,8244;1,8988
18.10.2015;17.10.2015 03:06;1,8369;1,8736;1,8002;0;0;0;0;1,8002;1,8736
18.10.2015;17.10.2015 03:05;1,8369;1,8736;1,8002;0;0;0;0;1,8002;1,8736
17.10.2015;17.10.2015 03:05;1,8382;1,875;1,8014;0;0;0;0;1,8014;1,875
18.10.2015;17.10.2015 02:36;1,8369;1,8736;1,8002;0;0;0;0;1,8002;1,8736
18.10.2015;17.10.2015 02:35;1,8369;1,8736;1,8002;0;0;0;0;1,8002;1,8736
17.10.2015;17.10.2015 02:35;1,8382;1,875;1,8014;0;0;0;0;1,8014;1,875
16.10.2015;17.10.2015 02:35;1,8616;1,8988;1,8244;0;0;0;0;1,8244;1,8988
16.10.2015;17.10.2015 02:06;1,8616;1,8988;1,8244;0;0;0;0;1,8244;1,8988
18.10.2015;17.10.2015 02:06;1,8369;1,8736;1,8002;0;0;0;0;1,8002;1,8736
17.10.2015;17.10.2015 02:05;1,8382;1,875;1,8014;0;0;0;0;1,8014;1,875
18.10.2015;17.10.2015 02:05;1,8369;1,8736;1,8002;0;0;0;0;1,8002;1,8736
18.10.2015;17.10.2015 01:36;1,8369;1,8736;1,8002;0;0;0;0;1,8002;1,8736
17.10.2015;17.10.2015 01:36;1,8382;1,875;1,8014;0;0;0;0;1,8014;1,875
16.10.2015;17.10.2015 01:35;1,8616;1,8988;1,8244;0;0;0;0;1,8244;1,8988
18.10.2015;17.10.2015 01:35;1,8369;1,8736;1,8002;0;0;0;0;1,8002;1,8736
18.10.2015;17.10.2015 01:07;1,8369;1,8736;1,8002;0;0;0;0;1,8002;1,8736
16.10.2015;17.10.2015 01:06;1,8616;1,8988;1,8244;0;0;0;0;1,8244;1,8988
18.10.2015;17.10.2015 01:06;1,8369;1,8736;1,8002;0;0;0;0;1,8002;1,8736
18.10.2015;17.10.2015 01:05;1,8369;1,8736;1,8002;0;0;0;0;1,8002;1,8736
17.10.2015;17.10.2015 01:05;1,8382;1,875;1,8014;0;0;0;0;1,8014;1,875
18.10.2015;17.10.2015 00:37;1,8369;1,8736;1,8002;0;0;0;0;1,8002;1,8736
18.10.2015;17.10.2015 00:36;1,8369;1,8736;1,8002;0;0;0;0;1,8002;1,8736
17.10.2015;17.10.2015 00:36;1,8382;1,875;1,8014;0;0;0;0;1,8014;1,875
16.10.2015;17.10.2015 00:36;1,8616;1,8988;1,8244;0;0;0;0;1,8244;1,8988
18.10.2015;17.10.2015 00:06;1,8369;1,8736;1,8002;0;0;0;0;1,8002;1,8736
17.10.2015;17.10.2015 00:05;1,8382;1,875;1,8014;0;0;0;0;1,8014;1,875
18.10.2015;17.10.2015 00:05;1,8382;1,875;1,8014;0;0;0;0;1,8014;1,875
16.10.2015;17.10.2015 00:05;1,8616;1,8988;1,8244;0;0;0;0;1,8244;1,8988
16.10.2015;16.10.2015 23:36;1,8616;1,8988;1,8244;0;0;0;0;1,8244;1,8988
17.10.2015;16.10.2015 23:36;1,8382;1,875;1,8014;0;0;0;0;1,8014;1,875
15.10.2015;16.10.2015 23:35;1,8642;1,9015;1,8269;0;1,91;0;0;1,8269;1,91
17.10.2015;16.10.2015 23:35;1,8382;1,875;1,8014;0;0;0;0;1,8014;1,875
17.10.2015;16.10.2015 23:06;1,8382;1,875;1,8014;0;0;0;0;1,8014;1,875
16.10.2015;16.10.2015 23:05;1,8616;1,8988;1,8244;0;0;0;0;1,8244;1,8988
17.10.2015;16.10.2015 23:05;1,8382;1,875;1,8014;0;0;0;0;1,8014;1,875
15.10.2015;16.10.2015 23:05;1,8642;1,9015;1,8269;0;1,91;0;0;1,8269;1,91
17.10.2015;16.10.2015 22:36;1,8382;1,875;1,8014;0;0;0;0;1,8014;1,875
15.10.2015;16.10.2015 22:36;1,8642;1,9015;1,8269;0;1,91;0;0;1,8269;1,91
16.10.2015;16.10.2015 22:35;1,8616;1,8988;1,8244;0;0;0;0;1,8244;1,8988
17.10.2015;16.10.2015 22:35;1,8382;1,875;1,8014;0;0;0;0;1,8014;1,875
15.10.2015;16.10.2015 22:06;1,8642;1,9015;1,8269;0;1,91;0;0;1,8269;1,91
17.10.2015;16.10.2015 22:06;1,8382;1,875;1,8014;0;0;0;0;1,8014;1,875
16.10.2015;16.10.2015 22:05;1,8616;1,8988;1,8244;0;0;0;0;1,8244;1,8988
17.10.2015;16.10.2015 22:05;1,8382;1,875;1,8014;0;0;0;0;1,8014;1,875
15.10.2015;16.10.2015 21:36;1,8642;1,9015;1,8269;0;1,91;0;0;1,8269;1,91
17.10.2015;16.10.2015 21:36;1,8382;1,875;1,8014;0;0;0;0;1,8014;1,875
16.10.2015;16.10.2015 21:35;1,8616;1,8988;1,8244;0;0;0;0;1,8244;1,8988
17.10.2015;16.10.2015 21:35;1,8382;1,875;1,8014;0;0;0;0;1,8014;1,875
15.10.2015;16.10.2015 21:06;1,8642;1,9015;1,8269;0;1,91;0;0;1,8269;1,91
17.10.2015;16.10.2015 21:06;1,8382;1,875;1,8014;0;0;0;0;1,8014;1,875
17.10.2015;16.10.2015 21:05;1,8382;1,875;1,8014;0;0;0;0;1,8014;1,875
16.10.2015;16.10.2015 21:05;1,8616;1,8988;1,8244;0;0;0;0;1,8244;1,8988
16.10.2015;16.10.2015 20:36;1,8616;1,8988;1,8244;0;0;0;0;1,8244;1,8988
17.10.2015;16.10.2015 20:36;1,8382;1,875;1,8014;0;0;0;0;1,8014;1,875
15.10.2015;16.10.2015 20:35;1,8642;1,9015;1,8269;0;1,91;0;0;1,8269;1,91
17.10.2015;16.10.2015 20:06;1,8382;1,875;1,8014;0;0;0;0;1,8014;1,875
16.10.2015;16.10.2015 20:06;1,8616;1,8988;1,8244;0;0;0;0;1,8244;1,8988
15.10.2015;16.10.2015 20:05;1,8642;1,9015;1,8269;0;1,91;0;0;1,8269;1,91
17.10.2015;16.10.2015 20:05;1,8382;1,875;1,8014;0;0;0;0;1,8014;1,875
17.10.2015;16.10.2015 19:36;1,8382;1,875;1,8014;0;0;0;0;1,8014;1,875
15.10.2015;16.10.2015 19:35;1,8642;1,9015;1,8269;0;1,91;0;0;1,8269;1,91
16.10.2015;16.10.2015 19:35;1,8615;1,8987;1,8243;0;0;0;0;1,8243;1,8987
17.10.2015;16.10.2015 19:35;1,8382;1,875;1,8014;0;0;0;0;1,8014;1,875
17.10.2015;16.10.2015 19:06;1,8382;1,875;1,8014;0;0;0;0;1,8014;1,875
15.10.2015;16.10.2015 19:05;1,8642;1,9015;1,8269;0;1,91;0;0;1,8269;1,91
17.10.2015;16.10.2015 19:05;1,8382;1,875;1,8014;0;0;0;0;1,8014;1,875
16.10.2015;16.10.2015 19:05;1,8615;1,8987;1,8243;0;0;0;0;1,8243;1,8987
16.10.2015;16.10.2015 18:36;1,8615;1,8987;1,8243;0;0;0;0;1,8243;1,8987
17.10.2015;16.10.2015 18:36;1,8382;1,875;1,8014;0;0;0;0;1,8014;1,875
17.10.2015;16.10.2015 18:35;1,8382;1,875;1,8014;0;0;0;0;1,8014;1,875
15.10.2015;16.10.2015 18:35;1,8642;1,9015;1,8269;0;1,91;0;0;1,8269;1,91
17.10.2015;16.10.2015 18:06;1,8381;1,8749;1,8013;0;0;0;0;1,8013;1,8749
16.10.2015;16.10.2015 18:05;1,8615;1,8987;1,8243;0;0;0;0;1,8243;1,8987
17.10.2015;16.10.2015 18:05;1,8373;1,874;1,8006;0;0;0;0;1,8006;1,874
15.10.2015;16.10.2015 18:05;1,8642;1,9015;1,8269;0;1,91;0;0;1,8269;1,91
17.10.2015;16.10.2015 17:36;1,8373;1,874;1,8006;0;0;0;0;1,8006;1,874
15.10.2015;16.10.2015 17:35;1,8642;1,9015;1,8269;0;1,91;0;0;1,8269;1,91
17.10.2015;16.10.2015 17:35;1,8373;1,874;1,8006;0;0;0;0;1,8006;1,874
16.10.2015;16.10.2015 17:35;1,8615;1,8987;1,8243;0;0;0;0;1,8243;1,8987
17.10.2015;16.10.2015 17:06;1,837;1,8737;1,8003;0;0;0;0;1,8003;1,8737
15.10.2015;16.10.2015 17:05;1,8642;1,9015;1,8269;0;1,91;0;0;1,8269;1,91
17.10.2015;16.10.2015 17:05;1,837;1,8737;1,8003;0;0;0;0;1,8003;1,8737
16.10.2015;16.10.2015 17:05;1,8615;1,8987;1,8243;0;0;0;0;1,8243;1,8987
16.10.2015;16.10.2015 16:38;1,8615;1,8987;1,8243;0;0;0;0;1,8243;1,8987
17.10.2015;16.10.2015 16:38;1,8383;1,8751;1,8015;0;0;0;0;1,8015;1,8751
17.10.2015;16.10.2015 16:35;1,8383;1,8751;1,8015;0;0;0;0;1,8015;1,8751
15.10.2015;16.10.2015 16:35;1,8642;1,9015;1,8269;0;1,91;0;0;1,8269;1,91
17.10.2015;16.10.2015 16:06;1,8395;1,8763;1,8027;0;0;0;0;1,8027;1,8763
16.10.2015;16.10.2015 16:05;1,8616;1,8988;1,8244;0;0;0;0;1,8244;1,8988
17.10.2015;16.10.2015 16:05;1,8397;1,8765;1,8029;0;0;0;0;1,8029;1,8765
15.10.2015;16.10.2015 16:05;1,8642;1,9015;1,8269;0;1,91;0;0;1,8269;1,91
15.10.2015;16.10.2015 15:36;1,8642;1,9015;1,8269;0;1,91;0;0;1,8269;1,91
17.10.2015;16.10.2015 15:36;1,8397;1,8765;1,8029;0;0;0;0;1,8029;1,8765
17.10.2015;16.10.2015 15:35;1,8397;1,8765;1,8029;0;0;0;0;1,8029;1,8765
16.10.2015;16.10.2015 15:35;1,8616;1,8988;1,8244;0;0;0;0;1,8244;1,8988
17.10.2015;16.10.2015 15:06;1,8387;1,8755;1,8019;0;0;0;0;1,8019;1,8755
15.10.2015;16.10.2015 15:05;1,8642;1,9015;1,8269;0;1,91;0;0;1,8269;1,91
17.10.2015;16.10.2015 15:05;1,8387;1,8755;1,8019;0;0;0;0;1,8019;1,8755
16.10.2015;16.10.2015 15:05;1,8617;1,8989;1,8245;0;0;0;0;1,8245;1,8989
17.10.2015;16.10.2015 14:36;1,8382;1,875;1,8014;0;0;0;0;1,8014;1,875
16.10.2015;16.10.2015 14:35;1,8617;1,8989;1,8245;0;0;0;0;1,8245;1,8989
17.10.2015;16.10.2015 14:35;1,84;1,8768;1,8032;0;0;0;0;1,8032;1,8768
15.10.2015;16.10.2015 14:35;1,8642;1,9015;1,8269;0;1,91;0;0;1,8269;1,91
15.10.2015;16.10.2015 14:08;1,8642;1,9015;1,8269;0;1,91;0;0;1,8269;1,91
17.10.2015;16.10.2015 14:08;1,84;1,8768;1,8032;0;0;0;0;1,8032;1,8768
16.10.2015;16.10.2015 14:05;1,8617;1,8989;1,8245;0;0;0;0;1,8245;1,8989
17.10.2015;16.10.2015 14:05;1,84;1,8768;1,8032;0;0;0;0;1,8032;1,8768
16.10.2015;16.10.2015 13:36;1,8617;1,8989;1,8245;0;0;0;0;1,8245;1,8989
17.10.2015;16.10.2015 13:36;1,8382;1,875;1,8014;0;0;0;0;1,8014;1,875
15.10.2015;16.10.2015 13:35;1,8642;1,9015;1,8269;0;1,91;0;0;1,8269;1,91
17.10.2015;16.10.2015 13:35;1,8382;1,875;1,8014;0;0;0;0;1,8014;1,875
16.10.2015;16.10.2015 13:08;1,8617;1,8989;1,8245;0;0;0;0;1,8245;1,8989
17.10.2015;16.10.2015 13:08;1,8363;1,873;1,7996;0;0;0;0;1,7996;1,873
17.10.2015;16.10.2015 13:05;1,8363;1,873;1,7996;0;0;0;0;1,7996;1,873
15.10.2015;16.10.2015 13:05;1,8642;1,9015;1,8269;0;1,91;0;0;1,8269;1,91
16.10.2015;16.10.2015 12:36;1,8617;1,8989;1,8245;0;0;0;0;1,8245;1,8989
17.10.2015;16.10.2015 12:36;1,8362;1,8729;1,7995;0;0;0;0;1,7995;1,8729
17.10.2015;16.10.2015 12:35;1,8362;1,8729;1,7995;0;0;0;0;1,7995;1,8729
15.10.2015;16.10.2015 12:35;1,8642;1,9015;1,8269;0;1,91;0;0;1,8269;1,91
17.10.2015;16.10.2015 12:06;1,8354;1,8721;1,7987;0;0;0;0;1,7987;1,8721
16.10.2015;16.10.2015 12:06;1,8626;1,8999;1,8253;0;0;0;0;1,8253;1,8999
15.10.2015;16.10.2015 12:05;1,8642;1,9015;1,8269;0;1,91;0;0;1,8269;1,91
17.10.2015;16.10.2015 12:05;1,8354;1,8721;1,7987;0;0;0;0;1,7987;1,8721
17.10.2015;16.10.2015 11:36;1,8326;1,8693;1,7959;0;0;0;0;1,7959;1,8693
17.10.2015;16.10.2015 11:35;1,8326;1,8693;1,7959;0;0;0;0;1,7959;1,8693
15.10.2015;16.10.2015 11:35;1,8642;1,9015;1,8269;0;1,91;0;0;1,8269;1,91
16.10.2015;16.10.2015 11:35;1,8626;1,8999;1,8253;0;0;0;0;1,8253;1,8999
17.10.2015;16.10.2015 11:06;1,8323;1,8689;1,7957;0;0;0;0;1,7957;1,8689
17.10.2015;16.10.2015 11:05;1,83;1,8666;1,7934;0;0;0;0;1,7934;1,8666
16.10.2015;16.10.2015 11:05;1,8626;1,8999;1,8253;0;0;0;0;1,8253;1,8999
15.10.2015;16.10.2015 11:05;1,8642;1,9015;1,8269;0;1,91;0;0;1,8269;1,91
16.10.2015;16.10.2015 10:36;1,8626;1,8999;1,8253;0;0;0;0;1,8253;1,8999
17.10.2015;16.10.2015 10:36;1,83;1,8666;1,7934;0;0;0;0;1,7934;1,8666
15.10.2015;16.10.2015 10:35;1,8642;1,9015;1,8269;0;1,91;0;0;1,8269;1,91
17.10.2015;16.10.2015 10:35;1,83;1,8666;1,7934;0;0;0;0;1,7934;1,8666
16.10.2015;16.10.2015 10:06;1,8626;1,8999;1,8253;0;0;0;0;1,8253;1,8999
17.10.2015;16.10.2015 10:06;1,8626;1,8999;1,8253;0;0;0;0;1,8253;1,8999
15.10.2015;16.10.2015 10:06;1,8642;1,9015;1,8269;0;1,91;0;0;1,8269;1,91
17.10.2015;16.10.2015 09:36;1,8626;1,8999;1,8253;0;0;0;0;1,8253;1,8999
16.10.2015;16.10.2015 09:36;1,8626;1,8999;1,8253;0;0;0;0;1,8253;1,8999
15.10.2015;16.10.2015 09:35;1,8642;1,9015;1,8269;0;1,91;0;0;1,8269;1,91
16.10.2015;16.10.2015 09:05;1,8626;1,8999;1,8253;0;0;0;0;1,8253;1,8999
17.10.2015;16.10.2015 09:05;1,8626;1,8999;1,8253;0;0;0;0;1,8253;1,8999
15.10.2015;16.10.2015 09:05;1,8642;1,9015;1,8269;0;1,91;0;0;1,8269;1,91
15.10.2015;16.10.2015 08:35;1,8642;1,9015;1,8269;0;1,91;0;0;1,8269;1,91
17.10.2015;16.10.2015 08:35;1,8626;1,8999;1,8253;0;0;0;0;1,8253;1,8999
16.10.2015;16.10.2015 08:35;1,8626;1,8999;1,8253;0;0;0;0;1,8253;1,8999
15.10.2015;16.10.2015 08:05;1,8642;1,9015;1,8269;0;1,91;0;0;1,8269;1,91
17.10.2015;16.10.2015 08:05;1,8626;1,8999;1,8253;0;0;0;0;1,8253;1,8999
16.10.2015;16.10.2015 08:05;1,8626;1,8999;1,8253;0;0;0;0;1,8253;1,8999
15.10.2015;16.10.2015 07:35;1,8642;1,9015;1,8269;0;1,91;0;0;1,8269;1,91
17.10.2015;16.10.2015 07:35;1,8626;1,8999;1,8253;0;0;0;0;1,8253;1,8999
16.10.2015;16.10.2015 07:35;1,8626;1,8999;1,8253;0;0;0;0;1,8253;1,8999
15.10.2015;16.10.2015 07:05;1,8642;1,9015;1,8269;0;1,91;0;0;1,8269;1,91
17.10.2015;16.10.2015 07:05;1,8626;1,8999;1,8253;0;0;0;0;1,8253;1,8999
16.10.2015;16.10.2015 07:05;1,8626;1,8999;1,8253;0;0;0;0;1,8253;1,8999
16.10.2015;16.10.2015 06:35;1,8626;1,8999;1,8253;0;0;0;0;1,8253;1,8999
17.10.2015;16.10.2015 06:35;1,8626;1,8999;1,8253;0;0;0;0;1,8253;1,8999
15.10.2015;16.10.2015 06:35;1,8642;1,9015;1,8269;0;1,91;0;0;1,8269;1,91
15.10.2015;16.10.2015 06:05;1,8642;1,9015;1,8269;0;1,91;0;0;1,8269;1,91
17.10.2015;16.10.2015 06:05;1,8626;1,8999;1,8253;0;0;0;0;1,8253;1,8999
16.10.2015;16.10.2015 06:05;1,8626;1,8999;1,8253;0;0;0;0;1,8253;1,8999
17.10.2015;16.10.2015 06:00;1,8626;1,8999;1,8253;0;0;0;0;1,8253;1,8999
16.10.2015;16.10.2015 05:35;1,8626;1,8999;1,8253;0;0;0;0;1,8253;1,8999
17.10.2015;16.10.2015 05:35;1,8626;1,8999;1,8253;0;0;0;0;1,8253;1,8999
15.10.2015;16.10.2015 05:35;1,8642;1,9015;1,8269;0;1,91;0;0;1,8269;1,91
16.10.2015;16.10.2015 05:05;1,8626;1,8999;1,8253;0;0;0;0;1,8253;1,8999
17.10.2015;16.10.2015 05:05;1,8626;1,8999;1,8253;0;0;0;0;1,8253;1,8999
15.10.2015;16.10.2015 05:05;1,8642;1,9015;1,8269;0;1,91;0;0;1,8269;1,91
15.10.2015;16.10.2015 04:35;1,8642;1,9015;1,8269;0;1,91;0;0;1,8269;1,91
17.10.2015;16.10.2015 04:35;1,8626;1,8999;1,8253;0;0;0;0;1,8253;1,8999
16.10.2015;16.10.2015 04:35;1,8626;1,8999;1,8253;0;0;0;0;1,8253;1,8999
15.10.2015;16.10.2015 04:05;1,8642;1,9015;1,8269;0;1,91;0;0;1,8269;1,91
17.10.2015;16.10.2015 04:05;1,8626;1,8999;1,8253;0;0;0;0;1,8253;1,8999
16.10.2015;16.10.2015 04:05;1,8626;1,8999;1,8253;0;0;0;0;1,8253;1,8999
15.10.2015;16.10.2015 03:35;1,8642;1,9015;1,8269;0;1,91;0;0;1,8269;1,91
17.10.2015;16.10.2015 03:35;1,8626;1,8999;1,8253;0;0;0;0;1,8253;1,8999
16.10.2015;16.10.2015 03:35;1,8626;1,8999;1,8253;0;0;0;0;1,8253;1,8999
15.10.2015;16.10.2015 03:05;1,8642;1,9015;1,8269;0;1,91;0;0;1,8269;1,91
17.10.2015;16.10.2015 03:05;1,8626;1,8999;1,8253;0;0;0;0;1,8253;1,8999
16.10.2015;16.10.2015 03:05;1,8626;1,8999;1,8253;0;0;0;0;1,8253;1,8999
15.10.2015;16.10.2015 02:35;1,8642;1,9015;1,8269;0;1,91;0;0;1,8269;1,91
17.10.2015;16.10.2015 02:35;1,8626;1,8999;1,8253;0;0;0;0;1,8253;1,8999
16.10.2015;16.10.2015 02:35;1,8626;1,8999;1,8253;0;0;0;0;1,8253;1,8999
16.10.2015;16.10.2015 02:06;1,8634;1,9007;1,8261;0;0;0;0;1,8261;1,9007
17.10.2015;16.10.2015 02:06;1,8634;1,9007;1,8261;0;0;0;0;1,8261;1,9007
17.10.2015;16.10.2015 02:05;1,8634;1,9007;1,8261;0;0;0;0;1,8261;1,9007
15.10.2015;16.10.2015 02:05;1,8642;1,9015;1,8269;0;1,91;0;0;1,8269;1,91
15.10.2015;16.10.2015 01:36;1,8642;1,9015;1,8269;0;1,91;0;0;1,8269;1,91
17.10.2015;16.10.2015 01:36;1,8634;1,9007;1,8261;0;0;0;0;1,8261;1,9007
16.10.2015;16.10.2015 01:35;1,8634;1,9007;1,8261;0;0;0;0;1,8261;1,9007
17.10.2015;16.10.2015 01:35;1,8634;1,9007;1,8261;0;0;0;0;1,8261;1,9007
17.10.2015;16.10.2015 01:06;1,8633;1,9006;1,826;0;0;0;0;1,826;1,9006
15.10.2015;16.10.2015 01:06;1,8642;1,9015;1,8269;0;1,91;0;0;1,8269;1,91
16.10.2015;16.10.2015 01:05;1,8633;1,9006;1,826;0;0;0;0;1,826;1,9006
17.10.2015;16.10.2015 00:36;1,8633;1,9006;1,826;0;0;0;0;1,826;1,9006
15.10.2015;16.10.2015 00:36;1,8641;1,9014;1,8268;0;1,91;0;0;1,8268;1,91
16.10.2015;16.10.2015 00:35;1,8633;1,9006;1,826;0;0;0;0;1,826;1,9006
17.10.2015;16.10.2015 00:06;1,8633;1,9006;1,826;0;0;0;0;1,826;1,9006
15.10.2015;16.10.2015 00:05;1,8641;1,9014;1,8268;0;1,91;0;0;1,8268;1,91
17.10.2015;16.10.2015 00:05;1,8633;1,9006;1,826;0;0;0;0;1,826;1,9006
16.10.2015;16.10.2015 00:05;1,8633;1,9006;1,826;0;0;0;0;1,826;1,9006
16.10.2015;15.10.2015 23:36;1,8633;1,9006;1,826;0;0;0;0;1,826;1,9006
14.10.2015;15.10.2015 23:36;1,8776;1,9152;1,84;0;1,9254;0,0829;0;1,84;1,9254
15.10.2015;15.10.2015 23:35;1,8641;1,9014;1,8268;0;1,91;0;0;1,8268;1,91
16.10.2015;15.10.2015 23:35;1,8633;1,9006;1,826;0;0;0;0;1,826;1,9006
16.10.2015;15.10.2015 23:06;1,8633;1,9006;1,826;0;0;0;0;1,826;1,9006
14.10.2015;15.10.2015 23:06;1,8776;1,9152;1,84;0;1,9254;0,0829;0;1,84;1,9254
16.10.2015;15.10.2015 23:05;1,8633;1,9006;1,826;0;0;0;0;1,826;1,9006
15.10.2015;15.10.2015 23:05;1,8641;1,9014;1,8268;0;1,91;0;0;1,8268;1,91
16.10.2015;15.10.2015 22:36;1,8633;1,9006;1,826;0;0;0;0;1,826;1,9006
14.10.2015;15.10.2015 22:36;1,8776;1,9152;1,84;0;1,9254;0,0829;0;1,84;1,9254
15.10.2015;15.10.2015 22:35;1,8641;1,9014;1,8268;0;1,91;0;0;1,8268;1,91
16.10.2015;15.10.2015 22:35;1,8633;1,9006;1,826;0;0;0;0;1,826;1,9006
16.10.2015;15.10.2015 22:06;1,8633;1,9006;1,826;0;0;0;0;1,826;1,9006
14.10.2015;15.10.2015 22:05;1,8776;1,9152;1,84;0;1,9254;0,0829;0;1,84;1,9254
16.10.2015;15.10.2015 22:05;1,8633;1,9006;1,826;0;0;0;0;1,826;1,9006
15.10.2015;15.10.2015 22:05;1,8641;1,9014;1,8268;0;1,91;0;0;1,8268;1,91
14.10.2015;15.10.2015 21:36;1,8776;1,9152;1,84;0;1,9254;0,0829;0;1,84;1,9254
16.10.2015;15.10.2015 21:36;1,8633;1,9006;1,826;0;0;0;0;1,826;1,9006
16.10.2015;15.10.2015 21:35;1,8633;1,9006;1,826;0;0;0;0;1,826;1,9006
15.10.2015;15.10.2015 21:35;1,8641;1,9014;1,8268;0;1,91;0;0;1,8268;1,91
15.10.2015;15.10.2015 21:06;1,864;1,9013;1,8267;0;1,91;0;0;1,8267;1,91
16.10.2015;15.10.2015 21:06;1,8633;1,9006;1,826;0;0;0;0;1,826;1,9006
14.10.2015;15.10.2015 21:05;1,8776;1,9152;1,84;0;1,9254;0,0829;0;1,84;1,9254
16.10.2015;15.10.2015 21:05;1,8633;1,9006;1,826;0;0;0;0;1,826;1,9006
16.10.2015;15.10.2015 20:36;1,8631;1,9004;1,8258;0;0;0;0;1,8258;1,9004
15.10.2015;15.10.2015 20:36;1,864;1,9013;1,8267;0;1,91;0;0;1,8267;1,91
16.10.2015;15.10.2015 20:35;1,8631;1,9004;1,8258;0;0;0;0;1,8258;1,9004
14.10.2015;15.10.2015 20:35;1,8776;1,9152;1,84;0;1,9254;0,0829;0;1,84;1,9254
16.10.2015;15.10.2015 20:06;1,8631;1,9004;1,8258;0;0;0;0;1,8258;1,9004
14.10.2015;15.10.2015 20:06;1,8776;1,9152;1,84;0;1,9254;0,0829;0;1,84;1,9254
15.10.2015;15.10.2015 20:05;1,864;1,9013;1,8267;0;1,91;0;0;1,8267;1,91
16.10.2015;15.10.2015 20:05;1,8631;1,9004;1,8258;0;0;0;0;1,8258;1,9004
16.10.2015;15.10.2015 19:36;1,8631;1,9004;1,8258;0;0;0;0;1,8258;1,9004
16.10.2015;15.10.2015 19:35;1,8631;1,9004;1,8258;0;0;0;0;1,8258;1,9004
14.10.2015;15.10.2015 19:35;1,8776;1,9152;1,84;0;1,9254;0,0829;0;1,84;1,9254
15.10.2015;15.10.2015 19:35;1,864;1,9013;1,8267;0;1,91;0;0;1,8267;1,91
16.10.2015;15.10.2015 19:06;1,8631;1,9004;1,8258;0;0;0;0;1,8258;1,9004
15.10.2015;15.10.2015 19:06;1,864;1,9013;1,8267;0;1,91;0;0;1,8267;1,91
16.10.2015;15.10.2015 19:05;1,8631;1,9004;1,8258;0;0;0;0;1,8258;1,9004
14.10.2015;15.10.2015 19:05;1,8776;1,9152;1,84;0;1,9254;0,0829;0;1,84;1,9254
16.10.2015;15.10.2015 18:36;1,8631;1,9004;1,8258;0;0;0;0;1,8258;1,9004
16.10.2015;15.10.2015 18:35;1,8635;1,9008;1,8262;0;0;0;0;1,8262;1,9008
15.10.2015;15.10.2015 18:35;1,864;1,9013;1,8267;0;1,91;0;0;1,8267;1,91
14.10.2015;15.10.2015 18:35;1,8776;1,9152;1,84;0;1,9254;0,0829;0;1,84;1,9254
15.10.2015;15.10.2015 18:06;1,864;1,9013;1,8267;0;1,91;0;0;1,8267;1,91
16.10.2015;15.10.2015 18:06;1,8635;1,9008;1,8262;0;0;0;0;1,8262;1,9008
16.10.2015;15.10.2015 18:05;1,8635;1,9008;1,8262;0;0;0;0;1,8262;1,9008
14.10.2015;15.10.2015 18:05;1,8776;1,9152;1,84;0;1,9254;0,0829;0;1,84;1,9254
14.10.2015;15.10.2015 17:36;1,8776;1,9152;1,84;0;1,9254;0,0829;0;1,84;1,9254
16.10.2015;15.10.2015 17:36;1,8651;1,9024;1,8278;0;0;0;0;1,8278;1,9024
16.10.2015;15.10.2015 17:35;1,8651;1,9024;1,8278;0;0;0;0;1,8278;1,9024
15.10.2015;15.10.2015 17:35;1,864;1,9013;1,8267;0;1,91;0;0;1,8267;1,91
16.10.2015;15.10.2015 17:06;1,8673;1,9046;1,83;0;0;0;0;1,83;1,9046
14.10.2015;15.10.2015 17:05;1,8776;1,9152;1,84;0;1,9254;0,0829;0;1,84;1,9254
16.10.2015;15.10.2015 17:05;1,8672;1,9045;1,8299;0;0;0;0;1,8299;1,9045
15.10.2015;15.10.2015 17:05;1,8639;1,9012;1,8266;0;1,91;0;0;1,8266;1,91
16.10.2015;15.10.2015 16:36;1,8672;1,9045;1,8299;0;0;0;0;1,8299;1,9045
14.10.2015;15.10.2015 16:35;1,8776;1,9152;1,84;0;1,9254;0,0829;0;1,84;1,9254
16.10.2015;15.10.2015 16:35;1,8671;1,9044;1,8298;0;0;0;0;1,8298;1,9044
15.10.2015;15.10.2015 16:35;1,8638;1,9011;1,8265;0;1,91;0;0;1,8265;1,91
14.10.2015;15.10.2015 16:06;1,8776;1,9152;1,84;0;1,9254;0,0829;0;1,84;1,9254
16.10.2015;15.10.2015 16:06;1,8671;1,9044;1,8298;0;0;0;0;1,8298;1,9044
15.10.2015;15.10.2015 16:05;1,8638;1,9011;1,8265;0;1,91;0;0;1,8265;1,91
16.10.2015;15.10.2015 16:05;1,8671;1,9044;1,8298;0;0;0;0;1,8298;1,9044
14.10.2015;15.10.2015 15:36;1,8776;1,9152;1,84;0;1,9254;0,0829;0;1,84;1,9254
16.10.2015;15.10.2015 15:36;1,8669;1,9042;1,8296;0;0;0;0;1,8296;1,9042
16.10.2015;15.10.2015 15:35;1,8669;1,9042;1,8296;0;0;0;0;1,8296;1,9042
15.10.2015;15.10.2015 15:35;1,8638;1,9011;1,8265;0;1,91;0;0;1,8265;1,91
14.10.2015;15.10.2015 15:06;1,8776;1,9152;1,84;0;1,9254;0,0829;0;1,84;1,9254
16.10.2015;15.10.2015 15:06;1,863;1,9003;1,8257;0;0;0;0;1,8257;1,9003
15.10.2015;15.10.2015 15:05;1,8638;1,9011;1,8265;0;1,91;0;0;1,8265;1,91
16.10.2015;15.10.2015 15:05;1,863;1,9003;1,8257;0;0;0;0;1,8257;1,9003
16.10.2015;15.10.2015 14:36;1,861;1,8982;1,8238;0;0;0;0;1,8238;1,8982
16.10.2015;15.10.2015 14:35;1,861;1,8982;1,8238;0;0;0;0;1,8238;1,8982
15.10.2015;15.10.2015 14:35;1,8638;1,9011;1,8265;0;1,91;0;0;1,8265;1,91
14.10.2015;15.10.2015 14:35;1,8776;1,9152;1,84;0;1,9254;0,0829;0;1,84;1,9254
14.10.2015;15.10.2015 14:06;1,8776;1,9152;1,84;0;1,9254;0,0829;0;1,84;1,9254
16.10.2015;15.10.2015 14:06;1,8598;1,897;1,8226;0;0;0;0;1,8226;1,897
16.10.2015;15.10.2015 14:05;1,8598;1,897;1,8226;0;0;0;0;1,8226;1,897
15.10.2015;15.10.2015 14:05;1,8638;1,9011;1,8265;0;1,91;0;0;1,8265;1,91
16.10.2015;15.10.2015 13:36;1,8592;1,8964;1,822;0;0;0;0;1,822;1,8964
15.10.2015;15.10.2015 13:35;1,8638;1,9011;1,8265;0;1,91;0;0;1,8265;1,91
16.10.2015;15.10.2015 13:35;1,8592;1,8964;1,822;0;0;0;0;1,822;1,8964
14.10.2015;15.10.2015 13:35;1,8776;1,9152;1,84;0;1,9254;0,0829;0;1,84;1,9254
16.10.2015;15.10.2015 13:07;1,8557;1,8928;1,8186;0;0;0;0;1,8186;1,8928
15.10.2015;15.10.2015 13:07;1,8638;1,9011;1,8265;0;1,91;0;0;1,8265;1,91
14.10.2015;15.10.2015 13:06;1,8776;1,9152;1,84;0;1,9254;0,0829;0;1,84;1,9254
16.10.2015;15.10.2015 12:36;1,8554;1,8925;1,8183;0;0;0;0;1,8183;1,8925
16.10.2015;15.10.2015 12:35;1,8554;1,8925;1,8183;0;0;0;0;1,8183;1,8925
14.10.2015;15.10.2015 12:35;1,8776;1,9152;1,84;0;1,9254;0,0829;0;1,84;1,9254
15.10.2015;15.10.2015 12:35;1,8638;1,9011;1,8265;0;1,91;0;0;1,8265;1,91
14.10.2015;15.10.2015 12:06;1,8776;1,9152;1,84;0;1,9254;0,0829;0;1,84;1,9254
16.10.2015;15.10.2015 12:06;1,8553;1,8924;1,8182;0;0;0;0;1,8182;1,8924
16.10.2015;15.10.2015 12:05;1,8553;1,8924;1,8182;0;0;0;0;1,8182;1,8924
15.10.2015;15.10.2015 12:05;1,8638;1,9011;1,8265;0;1,91;0;0;1,8265;1,91
16.10.2015;15.10.2015 11:36;1,8534;1,8905;1,8163;0;0;0;0;1,8163;1,8905
15.10.2015;15.10.2015 11:35;1,8638;1,9011;1,8265;0;1,91;0;0;1,8265;1,91
16.10.2015;15.10.2015 11:35;1,8534;1,8905;1,8163;0;0;0;0;1,8163;1,8905
14.10.2015;15.10.2015 11:35;1,8776;1,9152;1,84;0;1,9254;0,0829;0;1,84;1,9254
15.10.2015;15.10.2015 11:06;1,8638;1,9011;1,8265;0;1,91;0;0;1,8265;1,91
16.10.2015;15.10.2015 11:06;1,8479;1,8849;1,8109;0;0;0;0;1,8109;1,8849
16.10.2015;15.10.2015 11:05;1,8479;1,8849;1,8109;0;0;0;0;1,8109;1,8849
14.10.2015;15.10.2015 11:05;1,8776;1,9152;1,84;0;1,9254;0,0829;0;1,84;1,9254
16.10.2015;15.10.2015 10:36;1,8433;1,8802;1,8064;0;0;0;0;1,8064;1,8802
15.10.2015;15.10.2015 10:35;1,8634;1,9007;1,8261;0;1,91;0;0;1,8261;1,91
16.10.2015;15.10.2015 10:35;1,84;1,8768;1,8032;0;0;0;0;1,8032;1,8768
14.10.2015;15.10.2015 10:35;1,8776;1,9152;1,84;0;1,9254;0,0829;0;1,84;1,9254
16.10.2015;15.10.2015 10:07;1,84;1,8768;1,8032;0;0;0;0;1,8032;1,8768
14.10.2015;15.10.2015 10:06;1,8776;1,9152;1,84;0;1,9254;0,0829;0;1,84;1,9254
16.10.2015;15.10.2015 10:06;1,84;1,8768;1,8032;0;0;0;0;1,8032;1,8768
15.10.2015;15.10.2015 10:06;1,8634;1,9007;1,8261;0;1,91;0;0;1,8261;1,91
14.10.2015;15.10.2015 09:35;1,8776;1,9152;1,84;0;1,9254;0,0829;0;1,84;1,9254
16.10.2015;15.10.2015 09:35;1,8634;1,9007;1,8261;0;0;0;0;1,8261;1,9007
15.10.2015;15.10.2015 09:35;1,8634;1,9007;1,8261;0;1,91;0;0;1,8261;1,91
15.10.2015;15.10.2015 09:05;1,863;1,9003;1,8257;0;1,91;0;0;1,8257;1,91
16.10.2015;15.10.2015 09:05;1,863;1,9003;1,8257;0;0;0;0;1,8257;1,9003
14.10.2015;15.10.2015 09:05;1,8776;1,9152;1,84;0;1,9254;0,0829;0;1,84;1,9254
14.10.2015;15.10.2015 08:35;1,8776;1,9152;1,84;0;1,9254;0,0829;0;1,84;1,9254
16.10.2015;15.10.2015 08:35;1,861;1,8982;1,8238;0;0;0;0;1,8238;1,8982
15.10.2015;15.10.2015 08:35;1,861;1,8982;1,8238;0;1,91;0;0;1,8238;1,91
14.10.2015;15.10.2015 08:05;1,8776;1,9152;1,84;0;1,9254;0,0829;0;1,84;1,9254
16.10.2015;15.10.2015 08:05;1,861;1,8982;1,8238;0;0;0;0;1,8238;1,8982
15.10.2015;15.10.2015 08:05;1,861;1,8982;1,8238;0;1,91;0;0;1,8238;1,91
14.10.2015;15.10.2015 07:35;1,8776;1,9152;1,84;0;1,9254;0,0829;0;1,84;1,9254
16.10.2015;15.10.2015 07:35;1,861;1,8982;1,8238;0;0;0;0;1,8238;1,8982
15.10.2015;15.10.2015 07:35;1,861;1,8982;1,8238;0;1,91;0;0;1,8238;1,91
16.10.2015;15.10.2015 07:05;1,861;1,8982;1,8238;0;0;0;0;1,8238;1,8982
14.10.2015;15.10.2015 07:05;1,8776;1,9152;1,84;0;1,9254;0,0829;0;1,84;1,9254
15.10.2015;15.10.2015 07:05;1,861;1,8982;1,8238;0;1,91;0;0;1,8238;1,91
15.10.2015;15.10.2015 06:35;1,861;1,8982;1,8238;0;1,91;0;0;1,8238;1,91
16.10.2015;15.10.2015 06:35;1,861;1,8982;1,8238;0;0;0;0;1,8238;1,8982
14.10.2015;15.10.2015 06:35;1,8776;1,9152;1,84;0;1,9254;0,0829;0;1,84;1,9254
14.10.2015;15.10.2015 06:05;1,8776;1,9152;1,84;0;1,9254;0,0829;0;1,84;1,9254
16.10.2015;15.10.2015 06:05;1,861;1,8982;1,8238;0;0;0;0;1,8238;1,8982
15.10.2015;15.10.2015 06:05;1,861;1,8982;1,8238;0;1,91;0;0;1,8238;1,91
16.10.2015;15.10.2015 06:00;1,861;1,8982;1,8238;0;0;0;0;1,8238;1,8982
14.10.2015;15.10.2015 05:35;1,8776;1,9152;1,84;0;1,9254;0,0829;0;1,84;1,9254
16.10.2015;15.10.2015 05:35;1,861;1,8982;1,8238;0;0;0;0;1,8238;1,8982
15.10.2015;15.10.2015 05:35;1,861;1,8982;1,8238;0;1,91;0;0;1,8238;1,91
14.10.2015;15.10.2015 05:05;1,8776;1,9152;1,84;0;1,9254;0,0829;0;1,84;1,9254
16.10.2015;15.10.2015 05:05;1,861;1,8982;1,8238;0;0;0;0;1,8238;1,8982
15.10.2015;15.10.2015 05:05;1,861;1,8982;1,8238;0;1,91;0;0;1,8238;1,91
15.10.2015;15.10.2015 04:35;1,861;1,8982;1,8238;0;1,91;0;0;1,8238;1,91
16.10.2015;15.10.2015 04:35;1,861;1,8982;1,8238;0;0;0;0;1,8238;1,8982
14.10.2015;15.10.2015 04:35;1,8776;1,9152;1,84;0;1,9254;0,0829;0;1,84;1,9254
15.10.2015;15.10.2015 04:05;1,861;1,8982;1,8238;0;1,91;0;0;1,8238;1,91
16.10.2015;15.10.2015 04:05;1,861;1,8982;1,8238;0;0;0;0;1,8238;1,8982
14.10.2015;15.10.2015 04:05;1,8776;1,9152;1,84;0;1,9254;0,0829;0;1,84;1,9254
15.10.2015;15.10.2015 03:35;1,861;1,8982;1,8238;0;1,91;0;0;1,8238;1,91
16.10.2015;15.10.2015 03:35;1,861;1,8982;1,8238;0;0;0;0;1,8238;1,8982
14.10.2015;15.10.2015 03:35;1,8776;1,9152;1,84;0;1,9254;0,0829;0;1,84;1,9254
16.10.2015;15.10.2015 03:06;1,8603;1,8975;1,8231;0;0;0;0;1,8231;1,8975
15.10.2015;15.10.2015 03:05;1,8603;1,8975;1,8231;0;1,91;0;0;1,8231;1,91
16.10.2015;15.10.2015 03:05;1,8603;1,8975;1,8231;0;0;0;0;1,8231;1,8975
14.10.2015;15.10.2015 03:05;1,8776;1,9152;1,84;0;1,9254;0,0829;0;1,84;1,9254
15.10.2015;15.10.2015 02:35;1,8597;1,8969;1,8225;0;1,91;0;0;1,8225;1,91
16.10.2015;15.10.2015 02:35;1,8597;1,8969;1,8225;0;0;0;0;1,8225;1,8969
14.10.2015;15.10.2015 02:35;1,8776;1,9152;1,84;0;1,9254;0,0829;0;1,84;1,9254
15.10.2015;15.10.2015 02:16;1,8597;1,8969;1,8225;0;1,91;0;0;1,8225;1,91
14.10.2015;15.10.2015 02:05;1,8776;1,9152;1,84;0;1,9254;0,0829;0;1,84;1,9254
16.10.2015;15.10.2015 02:05;1,8597;1,8969;1,8225;0;0;0;0;1,8225;1,8969
15.10.2015;15.10.2015 02:05;1,8597;1,8969;1,8225;0;1,91;0;0;1,8225;1,91
14.10.2015;15.10.2015 01:35;1,8776;1,9152;1,84;0;1,9254;0,0829;0;1,84;1,9254
16.10.2015;15.10.2015 01:35;1,8597;1,8969;1,8225;0;0;0;0;1,8225;1,8969
15.10.2015;15.10.2015 01:35;1,8597;1,8969;1,8225;0;1,91;0;0;1,8225;1,91
14.10.2015;15.10.2015 01:06;1,8776;1,9152;1,84;0;1,9254;0,0829;0;1,84;1,9254
16.10.2015;15.10.2015 01:06;1,8593;1,8965;1,8221;0;0;0;0;1,8221;1,8965
15.10.2015;15.10.2015 01:05;1,8593;1,8965;1,8221;0;1,91;0;0;1,8221;1,91
16.10.2015;15.10.2015 01:05;1,8593;1,8965;1,8221;0;0;0;0;1,8221;1,8965
14.10.2015;15.10.2015 00:36;1,8776;1,9152;1,84;0;1,9254;0,0829;0;1,84;1,9254
16.10.2015;15.10.2015 00:36;1,8593;1,8965;1,8221;0;0;0;0;1,8221;1,8965
15.10.2015;15.10.2015 00:36;1,8593;1,8965;1,8221;0;1,91;0;0;1,8221;1,91
16.10.2015;15.10.2015 00:05;1,8593;1,8965;1,8221;0;0;0;0;1,8221;1,8965
15.10.2015;15.10.2015 00:05;1,8593;1,8965;1,8221;0;1,91;0;0;1,8221;1,91
14.10.2015;15.10.2015 00:05;1,8776;1,9152;1,84;0;1,9254;0,0829;0;1,84;1,9254
15.10.2015;14.10.2015 23:36;1,8592;1,8964;1,822;0;1,91;0;0;1,822;1,91
13.10.2015;14.10.2015 23:35;1,8819;1,9195;1,8443;1,8325;2,5475;0;0;1,8325;2,5475
15.10.2015;14.10.2015 23:35;1,8592;1,8964;1,822;0;1,91;0;0;1,822;1,91
14.10.2015;14.10.2015 23:35;1,8776;1,9152;1,84;0;1,9254;0,0829;0;1,84;1,9254
15.10.2015;14.10.2015 23:06;1,8592;1,8964;1,822;0;1,91;0;0;1,822;1,91
14.10.2015;14.10.2015 23:05;1,8777;1,9153;1,8401;0;1,9254;0,0829;0;1,8401;1,9254
15.10.2015;14.10.2015 23:05;1,8584;1,8956;1,8212;0;1,91;0;0;1,8212;1,91
13.10.2015;14.10.2015 23:05;1,8819;1,9195;1,8443;1,8325;2,5475;0;0;1,8325;2,5475
15.10.2015;14.10.2015 22:37;1,8584;1,8956;1,8212;0;1,91;0;0;1,8212;1,91
14.10.2015;14.10.2015 22:37;1,8777;1,9153;1,8401;0;1,9254;0,0829;0;1,8401;1,9254
13.10.2015;14.10.2015 22:37;1,8819;1,9195;1,8443;1,8325;2,5475;0;0;1,8325;2,5475
15.10.2015;14.10.2015 22:36;1,8584;1,8956;1,8212;0;1,91;0;0;1,8212;1,91
15.10.2015;14.10.2015 22:06;1,8584;1,8956;1,8212;0;1,91;0;0;1,8212;1,91
14.10.2015;14.10.2015 22:06;1,8777;1,9153;1,8401;0;1,9254;0,0829;0;1,8401;1,9254
13.10.2015;14.10.2015 22:05;1,8819;1,9195;1,8443;1,8325;2,5475;0;0;1,8325;2,5475
15.10.2015;14.10.2015 22:05;1,8584;1,8956;1,8212;0;1,91;0;0;1,8212;1,91
14.10.2015;14.10.2015 21:36;1,8777;1,9153;1,8401;0;1,9254;0,0829;0;1,8401;1,9254
15.10.2015;14.10.2015 21:36;1,8584;1,8956;1,8212;0;1,91;0;0;1,8212;1,91
13.10.2015;14.10.2015 21:35;1,8819;1,9195;1,8443;1,8325;2,5475;0;0;1,8325;2,5475
15.10.2015;14.10.2015 21:35;1,8584;1,8956;1,8212;0;1,91;0;0;1,8212;1,91
15.10.2015;14.10.2015 21:06;1,8574;1,8945;1,8203;0;1,91;0;0;1,8203;1,91
14.10.2015;14.10.2015 21:06;1,8776;1,9152;1,84;0;1,9254;0,0829;0;1,84;1,9254
13.10.2015;14.10.2015 21:05;1,8819;1,9195;1,8443;1,8325;2,5475;0;0;1,8325;2,5475
15.10.2015;14.10.2015 21:05;1,8574;1,8945;1,8203;0;1,91;0;0;1,8203;1,91
13.10.2015;14.10.2015 20:36;1,8819;1,9195;1,8443;1,8325;2,5475;0;0;1,8325;2,5475
15.10.2015;14.10.2015 20:36;1,8574;1,8945;1,8203;0;1,91;0;0;1,8203;1,91
15.10.2015;14.10.2015 20:35;1,8574;1,8945;1,8203;0;1,91;0;0;1,8203;1,91
14.10.2015;14.10.2015 20:35;1,8769;1,9144;1,8394;0;1,9254;0,0829;0;1,8394;1,9254
15.10.2015;14.10.2015 20:07;1,8574;1,8945;1,8203;0;1,91;0;0;1,8203;1,91
15.10.2015;14.10.2015 20:06;1,8574;1,8945;1,8203;0;1,91;0;0;1,8203;1,91
13.10.2015;14.10.2015 20:06;1,8819;1,9195;1,8443;1,8325;2,5475;0;0;1,8325;2,5475
14.10.2015;14.10.2015 20:05;1,8768;1,9143;1,8393;0;1,9254;0,0829;0;1,8393;1,9254
14.10.2015;14.10.2015 19:36;1,8768;1,9143;1,8393;0;1,9254;0,0829;0;1,8393;1,9254
15.10.2015;14.10.2015 19:36;1,8574;1,8945;1,8203;0;1,91;0;0;1,8203;1,91
15.10.2015;14.10.2015 19:35;1,8574;1,8945;1,8203;0;1,91;0;0;1,8203;1,91
13.10.2015;14.10.2015 19:35;1,8819;1,9195;1,8443;1,8325;2,5475;0;0;1,8325;2,5475
15.10.2015;14.10.2015 19:06;1,8574;1,8945;1,8203;0;1,91;0;0;1,8203;1,91
14.10.2015;14.10.2015 19:05;1,8768;1,9143;1,8393;0;1,9254;0,0829;0;1,8393;1,9254
15.10.2015;14.10.2015 19:05;1,8574;1,8945;1,8203;0;1,91;0;0;1,8203;1,91
13.10.2015;14.10.2015 19:05;1,8819;1,9195;1,8443;1,8325;2,5475;0;0;1,8325;2,5475
13.10.2015;14.10.2015 18:36;1,8819;1,9195;1,8443;1,8325;2,5475;0;0;1,8325;2,5475
15.10.2015;14.10.2015 18:36;1,8574;1,8945;1,8203;0;1,91;0;0;1,8203;1,91
14.10.2015;14.10.2015 18:35;1,8768;1,9143;1,8393;0;1,9254;0,0829;0;1,8393;1,9254
15.10.2015;14.10.2015 18:35;1,8574;1,8945;1,8203;0;1,91;0;0;1,8203;1,91
15.10.2015;14.10.2015 18:06;1,8571;1,8942;1,82;0;1,91;0;0;1,82;1,91
13.10.2015;14.10.2015 18:05;1,8819;1,9195;1,8443;1,8325;2,5475;0;0;1,8325;2,5475
15.10.2015;14.10.2015 18:05;1,8571;1,8942;1,82;0;1,91;0;0;1,82;1,91
14.10.2015;14.10.2015 18:05;1,8749;1,9124;1,8374;0;1,9254;0,0829;0;1,8374;1,9254
15.10.2015;14.10.2015 17:36;1,855;1,8921;1,8179;0;1,91;0;0;1,8179;1,91
14.10.2015;14.10.2015 17:35;1,8749;1,9124;1,8374;0;1,9254;0,0829;0;1,8374;1,9254
15.10.2015;14.10.2015 17:35;1,855;1,8921;1,8179;0;1,91;0;0;1,8179;1,91
13.10.2015;14.10.2015 17:35;1,8819;1,9195;1,8443;1,8325;2,5475;0;0;1,8325;2,5475
15.10.2015;14.10.2015 17:06;1,855;1,8921;1,8179;0;1,91;0;0;1,8179;1,91
14.10.2015;14.10.2015 17:05;1,8748;1,9123;1,8373;0;1,9254;0,0829;0;1,8373;1,9254
15.10.2015;14.10.2015 17:05;1,855;1,8921;1,8179;0;1,91;0;0;1,8179;1,91
13.10.2015;14.10.2015 17:05;1,8819;1,9195;1,8443;1,8325;2,5475;0;0;1,8325;2,5475
14.10.2015;14.10.2015 16:36;1,8746;1,9121;1,8371;0;1,9254;0,0829;0;1,8371;1,9254
15.10.2015;14.10.2015 16:36;1,8549;1,892;1,8178;0;1,91;0;0;1,8178;1,91
15.10.2015;14.10.2015 16:35;1,8549;1,892;1,8178;0;1,91;0;0;1,8178;1,91
13.10.2015;14.10.2015 16:35;1,8819;1,9195;1,8443;1,8325;2,5475;0;0;1,8325;2,5475
13.10.2015;14.10.2015 16:06;1,8819;1,9195;1,8443;1,8325;2,5475;0;0;1,8325;2,5475
15.10.2015;14.10.2015 16:06;1,8534;1,8905;1,8163;0;1,91;0;0;1,8163;1,91
14.10.2015;14.10.2015 16:05;1,8746;1,9121;1,8371;0;1,9254;0,0829;0;1,8371;1,9254
15.10.2015;14.10.2015 16:05;1,8534;1,8905;1,8163;0;1,91;0;0;1,8163;1,91
15.10.2015;14.10.2015 15:36;1,8532;1,8903;1,8161;0;1,91;0;0;1,8161;1,91
14.10.2015;14.10.2015 15:35;1,8746;1,9121;1,8371;0;1,9254;0,0829;0;1,8371;1,9254
15.10.2015;14.10.2015 15:35;1,8532;1,8903;1,8161;0;1,91;0;0;1,8161;1,91
13.10.2015;14.10.2015 15:35;1,8819;1,9195;1,8443;1,8325;2,5475;0;0;1,8325;2,5475
15.10.2015;14.10.2015 15:27;1,8497;1,8867;1,8127;0;1,91;0;0;1,8127;1,91
14.10.2015;14.10.2015 15:06;1,8745;1,912;1,837;0;1,9254;0,0829;0;1,837;1,9254
15.10.2015;14.10.2015 15:06;1,8497;1,8867;1,8127;0;0;0;0;1,8127;1,8867
15.10.2015;14.10.2015 15:05;1,8497;1,8867;1,8127;0;0;0;0;1,8127;1,8867
13.10.2015;14.10.2015 15:05;1,8819;1,9195;1,8443;1,8325;2,5475;0;0;1,8325;2,5475
15.10.2015;14.10.2015 14:36;1,8484;1,8854;1,8114;0;0;0;0;1,8114;1,8854
14.10.2015;14.10.2015 14:35;1,8743;1,9118;1,8368;0;1,9254;0,0829;0;1,8368;1,9254
15.10.2015;14.10.2015 14:35;1,8484;1,8854;1,8114;0;0;0;0;1,8114;1,8854
13.10.2015;14.10.2015 14:35;1,8819;1,9195;1,8443;1,8325;2,5475;0;0;1,8325;2,5475
14.10.2015;14.10.2015 14:06;1,8743;1,9118;1,8368;0;1,9254;0,0829;0;1,8368;1,9254
15.10.2015;14.10.2015 14:06;1,8482;1,8852;1,8112;0;0;0;0;1,8112;1,8852
13.10.2015;14.10.2015 14:05;1,8819;1,9195;1,8443;1,8325;2,5475;0;0;1,8325;2,5475
15.10.2015;14.10.2015 14:05;1,8482;1,8852;1,8112;0;0;0;0;1,8112;1,8852
14.10.2015;14.10.2015 13:36;1,8743;1,9118;1,8368;0;1,9254;0,0829;0;1,8368;1,9254
15.10.2015;14.10.2015 13:36;1,8471;1,884;1,8102;0;0;0;0;1,8102;1,884
13.10.2015;14.10.2015 13:35;1,8819;1,9195;1,8443;1,8325;2,5475;0;0;1,8325;2,5475
15.10.2015;14.10.2015 13:35;1,8471;1,884;1,8102;0;0;0;0;1,8102;1,884
14.10.2015;14.10.2015 13:06;1,8743;1,9118;1,8368;0;1,9254;0,0829;0;1,8368;1,9254
15.10.2015;14.10.2015 13:06;1,8471;1,884;1,8102;0;0;0;0;1,8102;1,884
13.10.2015;14.10.2015 13:05;1,8819;1,9195;1,8443;1,8325;2,5475;0;0;1,8325;2,5475
15.10.2015;14.10.2015 13:05;1,8471;1,884;1,8102;0;0;0;0;1,8102;1,884
15.10.2015;14.10.2015 12:36;1,8459;1,8828;1,809;0;0;0;0;1,809;1,8828
13.10.2015;14.10.2015 12:35;1,8819;1,9195;1,8443;1,8325;2,5475;0;0;1,8325;2,5475
15.10.2015;14.10.2015 12:35;1,8444;1,8813;1,8075;0;0;0;0;1,8075;1,8813
14.10.2015;14.10.2015 12:35;1,8743;1,9118;1,8368;0;1,9254;0,0829;0;1,8368;1,9254
15.10.2015;14.10.2015 12:06;1,8444;1,8813;1,8075;0;0;0;0;1,8075;1,8813
15.10.2015;14.10.2015 12:05;1,8444;1,8813;1,8075;0;0;0;0;1,8075;1,8813
14.10.2015;14.10.2015 12:05;1,8743;1,9118;1,8368;0;1,9254;0,0829;0;1,8368;1,9254
13.10.2015;14.10.2015 12:05;1,8819;1,9195;1,8443;1,8325;2,5475;0;0;1,8325;2,5475
15.10.2015;14.10.2015 11:36;1,8433;1,8802;1,8064;0;0;0;0;1,8064;1,8802
14.10.2015;14.10.2015 11:35;1,8743;1,9118;1,8368;1,7496;1,9254;0,0829;0,0829;1,7496;1,9254
15.10.2015;14.10.2015 11:35;1,8433;1,8802;1,8064;0;0;0;0;1,8064;1,8802
13.10.2015;14.10.2015 11:35;1,8819;1,9195;1,8443;1,8325;2,5475;0;0;1,8325;2,5475
15.10.2015;14.10.2015 11:06;1,8431;1,88;1,8062;0;0;0;0;1,8062;1,88
14.10.2015;14.10.2015 11:05;1,8743;1,9118;1,8368;1,7496;1,9254;0,0829;0,0829;1,7496;1,9254
15.10.2015;14.10.2015 11:05;1,8414;1,8782;1,8046;0;0;0;0;1,8046;1,8782
13.10.2015;14.10.2015 11:05;1,8819;1,9195;1,8443;1,8325;2,5475;0;0;1,8325;2,5475
15.10.2015;14.10.2015 10:36;1,8414;1,8782;1,8046;0;0;0;0;1,8046;1,8782
14.10.2015;14.10.2015 10:35;1,8744;1,9119;1,8369;1,7496;1,9254;0,0829;0,0829;1,7496;1,9254
15.10.2015;14.10.2015 10:35;1,8414;1,8782;1,8046;0;0;0;0;1,8046;1,8782
13.10.2015;14.10.2015 10:35;1,8819;1,9195;1,8443;1,8325;2,5475;0;0;1,8325;2,5475
15.10.2015;14.10.2015 10:08;1,8744;1,9119;1,8369;0;0;0;0;1,8369;1,9119
14.10.2015;14.10.2015 10:08;1,8744;1,9119;1,8369;1,7496;1,9254;0,0829;0,0829;1,7496;1,9254
13.10.2015;14.10.2015 10:08;1,8819;1,9195;1,8443;1,8325;2,5475;0;0;1,8325;2,5475
13.10.2015;14.10.2015 09:35;1,8819;1,9195;1,8443;1,8325;2,5475;0;0;1,8325;2,5475
15.10.2015;14.10.2015 09:35;1,8744;1,9119;1,8369;0;0;0;0;1,8369;1,9119
14.10.2015;14.10.2015 09:35;1,8744;1,9119;1,8369;1,7496;1,9254;0,0829;0,0829;1,7496;1,9254
13.10.2015;14.10.2015 09:05;1,8819;1,9195;1,8443;1,8325;2,5475;0;0;1,8325;2,5475
15.10.2015;14.10.2015 09:05;1,8743;1,9118;1,8368;0;0;0;0;1,8368;1,9118
14.10.2015;14.10.2015 09:05;1,8743;1,9118;1,8368;1,7496;1,9254;0,0829;0,0829;1,7496;1,9254
13.10.2015;14.10.2015 08:35;1,8819;1,9195;1,8443;1,8325;2,5475;0;0;1,8325;2,5475
15.10.2015;14.10.2015 08:35;1,8743;1,9118;1,8368;0;0;0;0;1,8368;1,9118
14.10.2015;14.10.2015 08:35;1,8743;1,9118;1,8368;1,7496;1,9254;0,0829;0,0829;1,7496;1,9254
13.10.2015;14.10.2015 08:05;1,8819;1,9195;1,8443;1,8325;2,5475;0;0;1,8325;2,5475
15.10.2015;14.10.2015 08:05;1,8743;1,9118;1,8368;0;0;0;0;1,8368;1,9118
14.10.2015;14.10.2015 08:05;1,8743;1,9118;1,8368;1,7496;1,9254;0,0829;0,0829;1,7496;1,9254
13.10.2015;14.10.2015 07:35;1,8819;1,9195;1,8443;1,8325;2,5475;0;0;1,8325;2,5475
15.10.2015;14.10.2015 07:35;1,8743;1,9118;1,8368;0;0;0;0;1,8368;1,9118
14.10.2015;14.10.2015 07:35;1,8743;1,9118;1,8368;1,7496;1,9254;0,0829;0,0829;1,7496;1,9254
13.10.2015;14.10.2015 07:05;1,8819;1,9195;1,8443;1,8325;2,5475;0;0;1,8325;2,5475
15.10.2015;14.10.2015 07:05;1,8718;1,9092;1,8344;0;0;0;0;1,8344;1,9092
14.10.2015;14.10.2015 07:05;1,8718;1,9092;1,8344;1,7496;1,9254;0,0829;0,0829;1,7496;1,9254
13.10.2015;14.10.2015 06:35;1,8819;1,9195;1,8443;1,8325;2,5475;0;0;1,8325;2,5475
15.10.2015;14.10.2015 06:35;1,8718;1,9092;1,8344;0;0;0;0;1,8344;1,9092
14.10.2015;14.10.2015 06:35;1,8718;1,9092;1,8344;1,7496;1,9254;0,0829;0,0829;1,7496;1,9254
14.10.2015;14.10.2015 06:05;1,8718;1,9092;1,8344;1,7496;1,9254;0,0829;0,0829;1,7496;1,9254
15.10.2015;14.10.2015 06:05;1,8718;1,9092;1,8344;0;0;0;0;1,8344;1,9092
13.10.2015;14.10.2015 06:05;1,8819;1,9195;1,8443;1,8325;2,5475;0;0;1,8325;2,5475
15.10.2015;14.10.2015 06:00;1,8718;1,9092;1,8344;0;0;0;0;1,8344;1,9092
13.10.2015;14.10.2015 05:35;1,8819;1,9195;1,8443;1,8325;2,5475;0;0;1,8325;2,5475
15.10.2015;14.10.2015 05:35;1,8718;1,9092;1,8344;0;0;0;0;1,8344;1,9092
14.10.2015;14.10.2015 05:35;1,8718;1,9092;1,8344;1,7496;1,9254;0,0829;0,0829;1,7496;1,9254
13.10.2015;14.10.2015 05:05;1,8819;1,9195;1,8443;1,8325;2,5475;0;0;1,8325;2,5475
15.10.2015;14.10.2015 05:05;1,8718;1,9092;1,8344;0;0;0;0;1,8344;1,9092
14.10.2015;14.10.2015 05:05;1,8718;1,9092;1,8344;1,7496;1,9254;0,0829;0,0829;1,7496;1,9254
13.10.2015;14.10.2015 04:35;1,8819;1,9195;1,8443;1,8325;2,5475;0;0;1,8325;2,5475
15.10.2015;14.10.2015 04:35;1,8718;1,9092;1,8344;0;0;0;0;1,8344;1,9092
14.10.2015;14.10.2015 04:35;1,8718;1,9092;1,8344;1,7496;1,9254;0,0829;0,0829;1,7496;1,9254
15.10.2015;14.10.2015 04:06;1,8718;1,9092;1,8344;0;0;0;0;1,8344;1,9092
14.10.2015;14.10.2015 04:05;1,8718;1,9092;1,8344;1,7496;1,9254;0,0829;0,0829;1,7496;1,9254
15.10.2015;14.10.2015 04:05;1,8718;1,9092;1,8344;0;0;0;0;1,8344;1,9092
13.10.2015;14.10.2015 04:05;1,8819;1,9195;1,8443;1,8325;2,5475;0;0;1,8325;2,5475
14.10.2015;14.10.2015 03:35;1,8718;1,9092;1,8344;1,7496;1,9254;0,0829;0,0829;1,7496;1,9254
15.10.2015;14.10.2015 03:35;1,8718;1,9092;1,8344;0;0;0;0;1,8344;1,9092
13.10.2015;14.10.2015 03:35;1,8819;1,9195;1,8443;1,8325;2,5475;0;0;1,8325;2,5475
14.10.2015;14.10.2015 03:05;1,8718;1,9092;1,8344;1,7496;1,9254;0,0829;0,0829;1,7496;1,9254
15.10.2015;14.10.2015 03:05;1,8718;1,9092;1,8344;0;0;0;0;1,8344;1,9092
13.10.2015;14.10.2015 03:05;1,8819;1,9195;1,8443;1,8325;2,5475;0;0;1,8325;2,5475
13.10.2015;14.10.2015 02:35;1,8819;1,9195;1,8443;1,8325;2,5475;0;0;1,8325;2,5475
15.10.2015;14.10.2015 02:35;1,8718;1,9092;1,8344;0;0;0;0;1,8344;1,9092
14.10.2015;14.10.2015 02:35;1,8718;1,9092;1,8344;1,7496;1,9254;0,0829;0,0829;1,7496;1,9254
14.10.2015;14.10.2015 02:05;1,8718;1,9092;1,8344;1,7496;1,9254;0,0829;0,0829;1,7496;1,9254
15.10.2015;14.10.2015 02:05;1,8718;1,9092;1,8344;0;0;0;0;1,8344;1,9092
13.10.2015;14.10.2015 02:05;1,8819;1,9195;1,8443;1,8325;2,5475;0;0;1,8325;2,5475
13.10.2015;14.10.2015 01:35;1,8819;1,9195;1,8443;1,8325;2,5475;0;0;1,8325;2,5475
15.10.2015;14.10.2015 01:35;1,8722;1,9096;1,8348;0;0;0;0;1,8348;1,9096
14.10.2015;14.10.2015 01:35;1,8722;1,9096;1,8348;1,7496;1,9254;0,0829;0,0829;1,7496;1,9254
15.10.2015;14.10.2015 01:07;1,8712;1,9086;1,8338;0;0;0;0;1,8338;1,9086
14.10.2015;14.10.2015 01:07;1,8712;1,9086;1,8338;1,7496;1,9254;0,0829;0,0829;1,7496;1,9254
13.10.2015;14.10.2015 01:06;1,8819;1,9195;1,8443;1,8325;2,5475;0;0;1,8325;2,5475
14.10.2015;14.10.2015 00:35;1,8712;1,9086;1,8338;1,7496;1,9254;0,0829;0,0829;1,7496;1,9254
15.10.2015;14.10.2015 00:35;1,8712;1,9086;1,8338;0;0;0;0;1,8338;1,9086
13.10.2015;14.10.2015 00:35;1,8819;1,9195;1,8443;1,8325;2,5475;0;0;1,8325;2,5475
15.10.2015;14.10.2015 00:06;1,8712;1,9086;1,8338;0;0;0;0;1,8338;1,9086
14.10.2015;14.10.2015 00:05;1,8712;1,9086;1,8338;1,7496;1,9254;0,0829;0,0829;1,7496;1,9254
15.10.2015;14.10.2015 00:05;1,8712;1,9086;1,8338;0;0;0;0;1,8338;1,9086
13.10.2015;14.10.2015 00:05;1,8819;1,9195;1,8443;1,8325;2,5475;0;0;1,8325;2,5475
14.10.2015;13.10.2015 23:36;1,8712;1,9086;1,8338;1,7496;1,9254;0,0829;0,0829;1,7496;1,9254
13.10.2015;13.10.2015 23:35;1,8819;1,9195;1,8443;1,8325;2,5475;0;0;1,8325;2,5475
14.10.2015;13.10.2015 23:35;1,8712;1,9086;1,8338;1,7496;1,9254;0,0829;0,0829;1,7496;1,9254
12.10.2015;13.10.2015 23:35;1,8943;1,9322;1,8564;0;2,0554;0,0829;0;1,8564;2,0554
12.10.2015;13.10.2015 23:06;1,8943;1,9322;1,8564;0;2,0554;0,0829;0;1,8564;2,0554
14.10.2015;13.10.2015 23:06;1,8712;1,9086;1,8338;1,7496;1,9254;0,0829;0,0829;1,7496;1,9254
13.10.2015;13.10.2015 23:05;1,8819;1,9195;1,8443;1,8325;2,5475;0;0;1,8325;2,5475
14.10.2015;13.10.2015 23:05;1,8712;1,9086;1,8338;1,7496;1,9254;0,0829;0,0829;1,7496;1,9254
12.10.2015;13.10.2015 22:36;1,8943;1,9322;1,8564;0;2,0554;0,0829;0;1,8564;2,0554
14.10.2015;13.10.2015 22:36;1,8712;1,9086;1,8338;1,7496;1,9254;0,0829;0,0829;1,7496;1,9254
13.10.2015;13.10.2015 22:36;1,8819;1,9195;1,8443;1,8325;2,5475;0;0;1,8325;2,5475
14.10.2015;13.10.2015 22:35;1,8712;1,9086;1,8338;1,7496;1,9254;0,0829;0,0829;1,7496;1,9254
14.10.2015;13.10.2015 22:06;1,8712;1,9086;1,8338;1,7496;1,9254;0,0829;0,0829;1,7496;1,9254
13.10.2015;13.10.2015 22:05;1,882;1,9196;1,8444;1,8325;2,5475;0;0;1,8325;2,5475
14.10.2015;13.10.2015 22:05;1,8712;1,9086;1,8338;1,7496;1,9254;0,0829;0,0829;1,7496;1,9254
12.10.2015;13.10.2015 22:05;1,8943;1,9322;1,8564;0;2,0554;0,0829;0;1,8564;2,0554
12.10.2015;13.10.2015 21:36;1,8943;1,9322;1,8564;0;2,0554;0,0829;0;1,8564;2,0554
14.10.2015;13.10.2015 21:36;1,8712;1,9086;1,8338;1,7496;1,9254;0,0829;0,0829;1,7496;1,9254
14.10.2015;13.10.2015 21:35;1,8712;1,9086;1,8338;1,7496;1,9254;0,0829;0,0829;1,7496;1,9254
13.10.2015;13.10.2015 21:35;1,8817;1,9193;1,8441;1,8325;2,5475;0;0;1,8325;2,5475
12.10.2015;13.10.2015 21:06;1,8943;1,9322;1,8564;0;2,0554;0,0829;0;1,8564;2,0554
14.10.2015;13.10.2015 21:06;1,8712;1,9086;1,8338;1,7496;1,9254;0,0829;0,0829;1,7496;1,9254
14.10.2015;13.10.2015 21:05;1,8712;1,9086;1,8338;1,7496;1,9254;0,0829;0,0829;1,7496;1,9254
13.10.2015;13.10.2015 21:05;1,8816;1,9192;1,844;1,8325;2,5475;0;0;1,8325;2,5475
14.10.2015;13.10.2015 20:36;1,8712;1,9086;1,8338;1,7496;1,9254;0,0829;0,0829;1,7496;1,9254
13.10.2015;13.10.2015 20:35;1,8814;1,919;1,8438;1,8325;2,5475;0;0;1,8325;2,5475
14.10.2015;13.10.2015 20:35;1,8712;1,9086;1,8338;1,7496;1,9254;0,0829;0,0829;1,7496;1,9254
12.10.2015;13.10.2015 20:35;1,8943;1,9322;1,8564;0;2,0554;0,0829;0;1,8564;2,0554
14.10.2015;13.10.2015 20:06;1,8712;1,9086;1,8338;1,7496;1,9254;0,0829;0,0829;1,7496;1,9254
12.10.2015;13.10.2015 20:06;1,8943;1,9322;1,8564;0;2,0554;0,0829;0;1,8564;2,0554
13.10.2015;13.10.2015 20:05;1,8813;1,9189;1,8437;1,8325;2,5475;0;0;1,8325;2,5475
14.10.2015;13.10.2015 19:36;1,8712;1,9086;1,8338;1,7496;1,9254;0,0829;0,0829;1,7496;1,9254
13.10.2015;13.10.2015 19:35;1,8813;1,9189;1,8437;1,8325;2,5475;0;0;1,8325;2,5475
14.10.2015;13.10.2015 19:35;1,8712;1,9086;1,8338;1,7496;1,9254;0,0829;0,0829;1,7496;1,9254
12.10.2015;13.10.2015 19:35;1,8943;1,9322;1,8564;0;2,0554;0,0829;0;1,8564;2,0554
14.10.2015;13.10.2015 19:06;1,8712;1,9086;1,8338;1,7496;1,9254;0,0829;0,0829;1,7496;1,9254
13.10.2015;13.10.2015 19:05;1,8814;1,919;1,8438;1,8325;2,5475;0;0;1,8325;2,5475
14.10.2015;13.10.2015 19:05;1,8712;1,9086;1,8338;1,7496;1,9254;0,0829;0,0829;1,7496;1,9254
12.10.2015;13.10.2015 19:05;1,8943;1,9322;1,8564;0;2,0554;0,0829;0;1,8564;2,0554
13.10.2015;13.10.2015 18:43;1,8661;1,9034;1,8288;1,8325;2,5475;0;0;1,8288;2,5475
14.10.2015;13.10.2015 18:36;1,8712;1,9086;1,8338;1,7496;1,9254;0,0829;0,0829;1,7496;1,9254
12.10.2015;13.10.2015 18:35;1,8943;1,9322;1,8564;0;2,0554;0,0829;0;1,8564;2,0554
14.10.2015;13.10.2015 18:35;1,8713;1,9087;1,8339;1,7496;1,9254;0,0829;0,0829;1,7496;1,9254
13.10.2015;13.10.2015 18:35;1,8661;1,9034;1,8288;1,8325;1,935;0;0;1,8288;1,935
14.10.2015;13.10.2015 18:06;1,8713;1,9087;1,8339;1,7496;1,9254;0,0829;0,0829;1,7496;1,9254
14.10.2015;13.10.2015 18:05;1,8713;1,9087;1,8339;1,7496;1,9254;0,0829;0,0829;1,7496;1,9254
12.10.2015;13.10.2015 18:05;1,8943;1,9322;1,8564;0;2,0554;0,0829;0;1,8564;2,0554
13.10.2015;13.10.2015 18:05;1,8662;1,9035;1,8289;1,8325;1,935;0;0;1,8289;1,935
14.10.2015;13.10.2015 17:36;1,8728;1,9103;1,8353;1,7496;1,9254;0,0829;0,0829;1,7496;1,9254
12.10.2015;13.10.2015 17:36;1,8943;1,9322;1,8564;0;2,0554;0,0829;0;1,8564;2,0554
13.10.2015;13.10.2015 17:35;1,8661;1,9034;1,8288;1,8325;1,935;0;0;1,8288;1,935
14.10.2015;13.10.2015 17:35;1,8728;1,9103;1,8353;1,7496;1,9254;0,0829;0,0829;1,7496;1,9254
14.10.2015;13.10.2015 17:06;1,8724;1,9098;1,835;1,7496;1,9254;0,0829;0,0829;1,7496;1,9254
12.10.2015;13.10.2015 17:05;1,8943;1,9322;1,8564;0;2,0554;0,0829;0;1,8564;2,0554
13.10.2015;13.10.2015 17:05;1,8661;1,9034;1,8288;1,8325;1,935;0;0;1,8288;1,935
14.10.2015;13.10.2015 17:05;1,8687;1,9061;1,8313;1,7496;1,9254;0,0829;0,0829;1,7496;1,9254
14.10.2015;13.10.2015 16:40;1,8687;1,9061;1,8313;1,7496;1,9254;0,0829;0,0829;1,7496;1,9254
12.10.2015;13.10.2015 16:36;1,8943;1,9322;1,8564;0;2,0554;0,0829;0;1,8564;2,0554
14.10.2015;13.10.2015 16:36;1,8687;1,9061;1,8313;0;0;0;0;1,8313;1,9061
13.10.2015;13.10.2015 16:35;1,866;1,9033;1,8287;1,8325;1,935;0;0;1,8287;1,935
14.10.2015;13.10.2015 16:35;1,8687;1,9061;1,8313;0;0;0;0;1,8313;1,9061
13.10.2015;13.10.2015 16:06;1,866;1,9033;1,8287;1,8325;1,935;0;0;1,8287;1,935
14.10.2015;13.10.2015 16:06;1,8664;1,9037;1,8291;0;0;0;0;1,8291;1,9037
12.10.2015;13.10.2015 16:05;1,8943;1,9322;1,8564;0;2,0554;0,0829;0;1,8564;2,0554
14.10.2015;13.10.2015 16:05;1,8664;1,9037;1,8291;0;0;0;0;1,8291;1,9037
14.10.2015;13.10.2015 15:36;1,8662;1,9035;1,8289;0;0;0;0;1,8289;1,9035
13.10.2015;13.10.2015 15:35;1,866;1,9033;1,8287;1,8325;1,935;0;0;1,8287;1,935
14.10.2015;13.10.2015 15:35;1,866;1,9033;1,8287;0;0;0;0;1,8287;1,9033
12.10.2015;13.10.2015 15:35;1,8943;1,9322;1,8564;0;2,0554;0,0829;0;1,8564;2,0554
12.10.2015;13.10.2015 15:06;1,8943;1,9322;1,8564;0;2,0554;0,0829;0;1,8564;2,0554
14.10.2015;13.10.2015 15:06;1,866;1,9033;1,8287;0;0;0;0;1,8287;1,9033
14.10.2015;13.10.2015 15:05;1,866;1,9033;1,8287;0;0;0;0;1,8287;1,9033
13.10.2015;13.10.2015 15:05;1,8659;1,9032;1,8286;1,8325;1,935;0;0;1,8286;1,935
14.10.2015;13.10.2015 14:36;1,8656;1,9029;1,8283;0;0;0;0;1,8283;1,9029
14.10.2015;13.10.2015 14:35;1,8656;1,9029;1,8283;0;0;0;0;1,8283;1,9029
12.10.2015;13.10.2015 14:35;1,8943;1,9322;1,8564;0;2,0554;0,0829;0;1,8564;2,0554
13.10.2015;13.10.2015 14:35;1,8659;1,9032;1,8286;1,8325;1,935;0;0;1,8286;1,935
13.10.2015;13.10.2015 14:06;1,8658;1,9031;1,8285;1,8325;1,935;0;0;1,8285;1,935
14.10.2015;13.10.2015 14:06;1,8648;1,9021;1,8275;0;0;0;0;1,8275;1,9021
14.10.2015;13.10.2015 14:05;1,8648;1,9021;1,8275;0;0;0;0;1,8275;1,9021
12.10.2015;13.10.2015 14:05;1,8943;1,9322;1,8564;0;2,0554;0,0829;0;1,8564;2,0554
12.10.2015;13.10.2015 13:36;1,8943;1,9322;1,8564;0;2,0554;0,0829;0;1,8564;2,0554
14.10.2015;13.10.2015 13:36;1,8644;1,9017;1,8271;0;0;0;0;1,8271;1,9017
14.10.2015;13.10.2015 13:35;1,8644;1,9017;1,8271;0;0;0;0;1,8271;1,9017
13.10.2015;13.10.2015 13:35;1,8658;1,9031;1,8285;1,8325;1,935;0;0;1,8285;1,935
14.10.2015;13.10.2015 13:06;1,8641;1,9014;1,8268;0;0;0;0;1,8268;1,9014
12.10.2015;13.10.2015 13:05;1,8943;1,9322;1,8564;0;2,0554;0,0829;0;1,8564;2,0554
14.10.2015;13.10.2015 13:05;1,864;1,9013;1,8267;0;0;0;0;1,8267;1,9013
13.10.2015;13.10.2015 13:05;1,8658;1,9031;1,8285;1,8325;1,935;0;0;1,8285;1,935
14.10.2015;13.10.2015 12:36;1,864;1,9013;1,8267;0;0;0;0;1,8267;1,9013
12.10.2015;13.10.2015 12:35;1,8943;1,9322;1,8564;0;2,0554;0,0829;0;1,8564;2,0554
13.10.2015;13.10.2015 12:35;1,8658;1,9031;1,8285;1,8325;1,935;0;0;1,8285;1,935
14.10.2015;13.10.2015 12:35;1,8642;1,9015;1,8269;0;0;0;0;1,8269;1,9015
13.10.2015;13.10.2015 12:06;1,8662;1,9035;1,8289;1,8325;1,935;0;0;1,8289;1,935
14.10.2015;13.10.2015 12:06;1,8642;1,9015;1,8269;0;0;0;0;1,8269;1,9015
12.10.2015;13.10.2015 12:05;1,8943;1,9322;1,8564;0;2,0554;0,0829;0;1,8564;2,0554
14.10.2015;13.10.2015 12:05;1,8642;1,9015;1,8269;0;0;0;0;1,8269;1,9015
14.10.2015;13.10.2015 11:36;1,8634;1,9007;1,8261;0;0;0;0;1,8261;1,9007
12.10.2015;13.10.2015 11:35;1,8943;1,9322;1,8564;0;2,0554;0,0829;0;1,8564;2,0554
14.10.2015;13.10.2015 11:35;1,8619;1,8991;1,8247;0;0;0;0;1,8247;1,8991
13.10.2015;13.10.2015 11:35;1,8663;1,9036;1,829;1,8325;1,935;0;0;1,829;1,935
14.10.2015;13.10.2015 11:06;1,8619;1,8991;1,8247;0;0;0;0;1,8247;1,8991
14.10.2015;13.10.2015 11:05;1,8619;1,8991;1,8247;0;0;0;0;1,8247;1,8991
12.10.2015;13.10.2015 11:05;1,8943;1,9322;1,8564;0;2,0554;0,0829;0;1,8564;2,0554
13.10.2015;13.10.2015 11:05;1,8663;1,9036;1,829;1,8325;1,935;0;0;1,829;1,935
14.10.2015;13.10.2015 10:36;1,864;1,9013;1,8267;0;0;0;0;1,8267;1,9013
12.10.2015;13.10.2015 10:35;1,8943;1,9322;1,8564;0;2,0554;0,0829;0;1,8564;2,0554
14.10.2015;13.10.2015 10:35;1,864;1,9013;1,8267;0;0;0;0;1,8267;1,9013
13.10.2015;13.10.2015 10:35;1,8663;1,9036;1,829;1,8325;1,935;0;0;1,829;1,935
14.10.2015;13.10.2015 10:08;1,8663;1,9036;1,829;0;0;0;0;1,829;1,9036
13.10.2015;13.10.2015 10:08;1,8663;1,9036;1,829;1,8325;1,935;0;0;1,829;1,935
12.10.2015;13.10.2015 10:07;1,8943;1,9322;1,8564;0;2,0554;0,0829;0;1,8564;2,0554
14.10.2015;13.10.2015 10:07;1,8663;1,9036;1,829;0;0;0;0;1,829;1,9036
12.10.2015;13.10.2015 09:35;1,8943;1,9322;1,8564;0;2,0554;0,0829;0;1,8564;2,0554
14.10.2015;13.10.2015 09:35;1,8663;1,9036;1,829;0;0;0;0;1,829;1,9036
13.10.2015;13.10.2015 09:35;1,8663;1,9036;1,829;1,8325;1,935;0;0;1,829;1,935
14.10.2015;13.10.2015 09:06;1,8658;1,9031;1,8285;0;0;0;0;1,8285;1,9031
13.10.2015;13.10.2015 09:05;1,8658;1,9031;1,8285;1,8325;1,935;0;0;1,8285;1,935
14.10.2015;13.10.2015 09:05;1,8658;1,9031;1,8285;0;0;0;0;1,8285;1,9031
12.10.2015;13.10.2015 09:05;1,8943;1,9322;1,8564;0;2,0554;0,0829;0;1,8564;2,0554
13.10.2015;13.10.2015 08:35;1,8658;1,9031;1,8285;1,8325;1,935;0;0;1,8285;1,935
14.10.2015;13.10.2015 08:35;1,8658;1,9031;1,8285;0;0;0;0;1,8285;1,9031
12.10.2015;13.10.2015 08:35;1,8943;1,9322;1,8564;0;2,0554;0,0829;0;1,8564;2,0554
12.10.2015;13.10.2015 08:05;1,8943;1,9322;1,8564;0;2,0554;0,0829;0;1,8564;2,0554
14.10.2015;13.10.2015 08:05;1,8658;1,9031;1,8285;0;0;0;0;1,8285;1,9031
13.10.2015;13.10.2015 08:05;1,8658;1,9031;1,8285;1,8325;1,935;0;0;1,8285;1,935
12.10.2015;13.10.2015 07:35;1,8943;1,9322;1,8564;0;2,0554;0,0829;0;1,8564;2,0554
14.10.2015;13.10.2015 07:35;1,8658;1,9031;1,8285;0;0;0;0;1,8285;1,9031
13.10.2015;13.10.2015 07:35;1,8658;1,9031;1,8285;1,8325;1,935;0;0;1,8285;1,935
13.10.2015;13.10.2015 07:05;1,8658;1,9031;1,8285;1,8325;1,935;0;0;1,8285;1,935
14.10.2015;13.10.2015 07:05;1,8658;1,9031;1,8285;0;0;0;0;1,8285;1,9031
12.10.2015;13.10.2015 07:05;1,8943;1,9322;1,8564;0;2,0554;0,0829;0;1,8564;2,0554
13.10.2015;13.10.2015 06:35;1,8658;1,9031;1,8285;1,8325;1,935;0;0;1,8285;1,935
14.10.2015;13.10.2015 06:35;1,8658;1,9031;1,8285;0;0;0;0;1,8285;1,9031
12.10.2015;13.10.2015 06:35;1,8943;1,9322;1,8564;0;2,0554;0,0829;0;1,8564;2,0554
13.10.2015;13.10.2015 06:05;1,8658;1,9031;1,8285;1,8325;1,935;0;0;1,8285;1,935
14.10.2015;13.10.2015 06:05;1,8658;1,9031;1,8285;0;0;0;0;1,8285;1,9031
12.10.2015;13.10.2015 06:05;1,8943;1,9322;1,8564;0;2,0554;0,0829;0;1,8564;2,0554
14.10.2015;13.10.2015 06:00;1,8658;1,9031;1,8285;0;0;0;0;1,8285;1,9031
12.10.2015;13.10.2015 05:35;1,8943;1,9322;1,8564;0;2,0554;0,0829;0;1,8564;2,0554
14.10.2015;13.10.2015 05:35;1,8658;1,9031;1,8285;0;0;0;0;1,8285;1,9031
13.10.2015;13.10.2015 05:35;1,8658;1,9031;1,8285;1,8325;1,935;0;0;1,8285;1,935
12.10.2015;13.10.2015 05:05;1,8943;1,9322;1,8564;0;2,0554;0,0829;0;1,8564;2,0554
14.10.2015;13.10.2015 05:05;1,8658;1,9031;1,8285;0;0;0;0;1,8285;1,9031
13.10.2015;13.10.2015 05:05;1,8658;1,9031;1,8285;1,8325;1,935;0;0;1,8285;1,935
12.10.2015;13.10.2015 04:35;1,8943;1,9322;1,8564;0;2,0554;0,0829;0;1,8564;2,0554
14.10.2015;13.10.2015 04:35;1,8658;1,9031;1,8285;0;0;0;0;1,8285;1,9031
13.10.2015;13.10.2015 04:35;1,8658;1,9031;1,8285;1,8325;1,935;0;0;1,8285;1,935
13.10.2015;13.10.2015 04:05;1,8658;1,9031;1,8285;1,8325;1,935;0;0;1,8285;1,935
14.10.2015;13.10.2015 04:05;1,8658;1,9031;1,8285;0;0;0;0;1,8285;1,9031
12.10.2015;13.10.2015 04:05;1,8943;1,9322;1,8564;0;2,0554;0,0829;0;1,8564;2,0554
12.10.2015;13.10.2015 03:35;1,8943;1,9322;1,8564;0;2,0554;0,0829;0;1,8564;2,0554
14.10.2015;13.10.2015 03:35;1,8658;1,9031;1,8285;0;0;0;0;1,8285;1,9031
13.10.2015;13.10.2015 03:35;1,8658;1,9031;1,8285;1,8325;1,935;0;0;1,8285;1,935
13.10.2015;13.10.2015 03:05;1,8658;1,9031;1,8285;1,8325;1,935;0;0;1,8285;1,935
14.10.2015;13.10.2015 03:05;1,8658;1,9031;1,8285;0;0;0;0;1,8285;1,9031
12.10.2015;13.10.2015 03:05;1,8943;1,9322;1,8564;0;2,0554;0,0829;0;1,8564;2,0554
12.10.2015;13.10.2015 02:35;1,8943;1,9322;1,8564;0;2,0554;0,0829;0;1,8564;2,0554
14.10.2015;13.10.2015 02:35;1,8669;1,9042;1,8296;0;0;0;0;1,8296;1,9042
13.10.2015;13.10.2015 02:35;1,8669;1,9042;1,8296;1,8325;1,935;0;0;1,8296;1,935
13.10.2015;13.10.2015 02:28;1,8703;1,9077;1,8329;1,8325;1,935;0;0;1,8325;1,935
12.10.2015;13.10.2015 02:05;1,8943;1,9322;1,8564;0;2,0554;0,0829;0;1,8564;2,0554
14.10.2015;13.10.2015 02:05;1,8703;1,9077;1,8329;0;0;0;0;1,8329;1,9077
13.10.2015;13.10.2015 02:05;1,8703;1,9077;1,8329;0;1,935;0;0;1,8329;1,935
12.10.2015;13.10.2015 01:35;1,8943;1,9322;1,8564;0;2,0554;0,0829;0;1,8564;2,0554
14.10.2015;13.10.2015 01:35;1,8703;1,9077;1,8329;0;0;0;0;1,8329;1,9077
13.10.2015;13.10.2015 01:35;1,8703;1,9077;1,8329;0;1,935;0;0;1,8329;1,935
13.10.2015;13.10.2015 01:06;1,8703;1,9077;1,8329;0;1,935;0;0;1,8329;1,935
14.10.2015;13.10.2015 01:06;1,8703;1,9077;1,8329;0;0;0;0;1,8329;1,9077
14.10.2015;13.10.2015 01:05;1,8703;1,9077;1,8329;0;0;0;0;1,8329;1,9077
12.10.2015;13.10.2015 01:05;1,8943;1,9322;1,8564;0;2,0554;0,0829;0;1,8564;2,0554
13.10.2015;13.10.2015 00:38;1,8703;1,9077;1,8329;0;1,935;0;0;1,8329;1,935
14.10.2015;13.10.2015 00:38;1,8703;1,9077;1,8329;0;0;0;0;1,8329;1,9077
12.10.2015;13.10.2015 00:37;1,8943;1,9322;1,8564;0;2,0554;0,0829;0;1,8564;2,0554
14.10.2015;13.10.2015 00:37;1,8706;1,908;1,8332;0;0;0;0;1,8332;1,908
14.10.2015;13.10.2015 00:06;1,8706;1,908;1,8332;0;0;0;0;1,8332;1,908
12.10.2015;13.10.2015 00:05;1,8943;1,9322;1,8564;0;2,0554;0,0829;0;1,8564;2,0554
14.10.2015;13.10.2015 00:05;1,8706;1,908;1,8332;0;0;0;0;1,8332;1,908
13.10.2015;13.10.2015 00:05;1,8706;1,908;1,8332;0;1,935;0;0;1,8332;1,935
